Workbook

Sheet SummaryResults
A1: THE VALUE OF INFORMATION: QUEUEING MODEL | F1: RESET (1=Y,0=N) | H1: 0 | J1: THE VALUE OF INFORMATION: QUEUEING MODEL | P1: THE VALUE OF INFORMATION: QUEUEING MODEL | U1: RESET (1=Y,0=N) | W1: 0
A2: Poisson arrival rate (cust/sec) = | D2: 0.667 | F2: ITERATION | H2: 32 | J2: Poisson arrival rate (cust/sec) = | M2: 0.667 | P2: Poisson arrival rate (cust/sec) = | S2: 0.667 | U2: ITERATION | W2: =IF(RESET=1,0,W2+1) -> #N/A
A3: Freeway Service time mean (sec) = | D3: 2 | J3: Freeway Service time mean (sec) = | M3: 2 | P3: Freeway Service time mean (sec) = | S3: 2
A4: Arterial Service time mean (sec) = | D4: 2 | J4: Arterial Service time mean (sec) = | M4: 2 | P4: Arterial Service time mean (sec) = | S4: 2
A5: Freeway Service time range (sec) = | D5: 0.5 | J5: Freeway Service time range (sec) = | M5: 0.5 | P5: Freeway Service time range (sec) = | S5: 0.5
A6: Demand Coefficient = | D6: -0.15 | J6: Demand Coefficient = | M6: -0.15 | P6: Demand Coefficient = | S6: -0.15
A7: Alternate Time (sec) | D7: 0 | J7: Alternate Time (sec) | M7: 0 | P7: Alternate Time (sec) | S7: 0
A8: Percent Informed | D8: 0.95 | J8: Percent Informed | M8: 0.05 | P8: Percent Informed | S8: 0.5
A10: Percent Arterial (RESULT) | D10: 0.515 | J10: Percent Arterial (RESULT) | M10: =AVERAGE(Q18:Q1017) -> #DIV/0! | P10: Percent Arterial (RESULT) | S10: =AVERAGE(W18:W1017) -> #DIV/0!
A11: Percent Informed (RESULT) | D11: 0.954 | J11: Percent Informed (RESULT) | M11: =AVERAGE(K18:K1017) -> #DIV/0! | P11: Percent Informed (RESULT) | S11: =AVERAGE(Q18:Q1017) -> #DIV/0!
A14: RESULTS | C14: CUM TOT. DELAY | D14: CUM N | E14: CUM. AVG. DELAY | J14: RESULTS | L14: CUM TOT. DELAY | M14: CUM N | N14: CUM. AVG. DELAY | P14: RESULTS | R14: CUM TOT. DELAY | S14: CUM N | T14: CUM. AVG. DELAY
A15: TOTAL | B15: FREEWAY | C15: 46754.999 | D15: 15999 | E15: 2.9223701 | J15: TOTAL | K15: FREEWAY | L15: 101121.61 | M15: 30007 | N15: 3.369934 | P15: TOTAL | Q15: FREEWAY | R15: 43824.623 | S15: 13980 | T15: 3.1348085
A16: TOTAL | B16: ARTERIAL | C16: 47114.94 | D16: 16001 | E16: 2.9444997 | J16: TOTAL | K16: ARTERIAL | L16: 101554.54 | M16: 29993 | N16: 3.3859415 | P16: TOTAL | Q16: ARTERIAL | R16: 44113.739 | S16: 14020 | T16: 3.1464864
A17: TOTAL | B17: TOTAL | C17: 93869.939 | D17: 32000 | E17: 2.9334356 | J17: TOTAL | K17: TOTAL | L17: 202676.15 | M17: 60000 | N17: 3.3779359 | P17: TOTAL | Q17: TOTAL | R17: 87938.362 | S17: 28000 | T17: 3.1406558
A18: TOTAL | B18: INFORMED | C18: 88502.128 | D18: 30398 | E18: 2.9114457 | J18: TOTAL | K18: INFORMED | L18: 92489.866 | M18: 31813 | N18: 2.9072978 | P18: TOTAL | Q18: INFORMED | R18: 40217.331 | S18: 14077 | T18: 2.8569532
A19: TOTAL | B19: UNINFORMED | C19: 5367.8115 | D19: 1602 | E19: 3.3506938 | J19: TOTAL | K19: UNINFORMED | L19: 110186.29 | M19: 28187 | N19: 3.9091172 | P19: TOTAL | Q19: UNINFORMED | R19: 47721.032 | S19: 13923 | T19: 3.4274964
A20: FREEWAY | B20: INFORMED | C20: 44041.672 | D20: 15179 | E20: 2.9014871 | J20: FREEWAY | K20: INFORMED | L20: 46121.395 | M20: 15907 | N20: 2.8994402 | P20: FREEWAY | Q20: INFORMED | R20: 20006.981 | S20: 7015 | T20: 2.8520286
A21: FREEWAY | B21: UNINFORMED | C21: 2713.3265 | D21: 820 | E21: 3.3089347 | J21: FREEWAY | K21: UNINFORMED | L21: 55000.214 | M21: 14100 | N21: 3.9007244 | P21: FREEWAY | Q21: UNINFORMED | R21: 23817.643 | S21: 6965 | T21: 3.4196185
A22: ARTERIAL | B22: INFORMED | C22: 44460.455 | D22: 15219 | E22: 2.9213782 | J22: ARTERIAL | K22: INFORMED | L22: 46368.471 | M22: 15906 | N22: 2.915156 | P22: ARTERIAL | Q22: INFORMED | R22: 20210.35 | S22: 7062 | T22: 2.8618451
A23: ARTERIAL | B23: UNINFORMED | C23: 2654.485 | D23: 782 | E23: 3.3944821 | J23: ARTERIAL | K23: UNINFORMED | L23: 55186.072 | M23: 14087 | N23: 3.9175177 | P23: ARTERIAL | Q23: UNINFORMED | R23: 23903.389 | S23: 6958 | T23: 3.4353822
C24: secs. | L24: secs. | R24: secs.

Sheet AVGTI
A1: Average of Time Informed | B1: Percent Informed
A2: Poisson arrival rate | B2: 0 | C2: 0.17 | D2: 0.33 | E2: 0.5 | F2: 0.67 | G2: 0.83 | H2: 1 | I2: Grand Total
A3: 0.5 | B3: =#REF! -> #DIV/0! | C3: 2.3638827 | D3: 2.3869526 | E3: 2.392728 | F3: 2.4089202 | G3: 2.4101214 | H3: 2.4227644 | I3: 2.3975615
A4: 0.67 | B4: =#REF! -> #DIV/0! | C4: 2.8266893 | D4: 2.8721658 | E4: 2.8953663 | F4: 2.9158806 | G4: 2.9286398 | H4: 2.9019804 | I4: 2.8901204
A5: 0.95 | B5: =#REF! -> #DIV/0! | C5: 9.520706 | D5: 9.4800309 | E5: 9.0548647 | F5: 9.8525365 | G5: 9.9854758 | H5: 9.9426239 | I5: 9.639373
A6: 1 | B6: =#REF! -> #DIV/0! | C6: 16.5518 | D6: 20.447163 | E6: 17.693367 | F6: 18.157584 | G6: 18.563641 | H6: 19.279514 | I6: 18.448845
A7: 1.05 | B7: =#REF! -> #DIV/0! | C7: 30.382332 | D7: 33.580609 | E7: 30.840601 | F7: 36.309015 | G7: 36.196519 | H7: 30.045464 | I7: 32.892423
A8: Grand Total | B8: =#REF! -> #DIV/0! | C8: 13.639433 | D8: 15.313443 | E8: 13.950868 | F8: 15.494024 | G8: 15.589021 | H8: 14.300119 | I8: 14.714485
C35: 0.17 | D35: 0.33 | E35: 0.5 | F35: 0.67 | G35: 0.83 | H35: 1
B36: 0.5 | C36: 2.3638827 | D36: 2.3869526 | E36: 2.392728 | F36: 2.4089202 | G36: 2.4101214 | H36: 2.4227644
B37: 0.67 | C37: 2.8266893 | D37: 2.8721658 | E37: 2.8953663 | F37: 2.9158806 | G37: 2.9286398 | H37: 2.9019804
B38: 0.95 | C38: 9.520706 | D38: 9.4800309 | E38: 9.0548647 | F38: 9.8525365 | G38: 9.9854758 | H38: 9.9426239
B39: 1 | C39: 16.5518 | D39: 20.447163 | E39: 17.693367 | F39: 18.157584 | G39: 18.563641 | H39: 19.279514
B40: 1.05 | C40: 30.382332 | D40: 33.580609 | E40: 30.840601 | F40: 36.309015 | G40: 36.196519 | H40: 30.045464

Sheet AVGTU
A1: Average of Time Uninformed | B1: Percent Informed
A2: Poisson arrival rate | B2: 0 | C2: 0.17 | D2: 0.33 | E2: 0.5 | F2: 0.67 | G2: 0.83 | H2: 1 | I2: Grand Total
A3: 0.5 | B3: 2.9974143 | C3: 2.9038331 | D3: 2.8588485 | E3: 2.7986281 | F3: 2.770604 | G3: 2.737312 | H3: =#REF! -> #DIV/0! | I3: 2.84444
A4: 0.67 | B4: 4.0013215 | C4: 3.7071677 | D4: 3.5771693 | E4: 3.4694709 | F4: 3.3751423 | G4: 3.317358 | H4: =#REF! -> #DIV/0! | I4: 3.5746049
A5: 0.95 | B5: 14.932108 | C5: 11.748035 | D5: 10.766159 | E5: 9.9645611 | F5: 10.570638 | G5: 10.661985 | H5: =#REF! -> #DIV/0! | I5: 11.440581
A6: 1 | B6: 26.406196 | C6: 19.177193 | D6: 21.9949 | E6: 18.62121 | F6: 18.889695 | G6: 19.172077 | H6: =#REF! -> #DIV/0! | I6: 20.710212
A7: 1.05 | B7: 38.879091 | C7: 33.380311 | D7: 35.127272 | E7: 31.949706 | F7: 37.058154 | G7: 36.787902 | H7: =#REF! -> #DIV/0! | I7: 35.530406
A8: Grand Total | B8: 19.231393 | C8: 15.606301 | D8: 16.476189 | E8: 14.763626 | F8: 16.11415 | G8: 16.117052 | H8: =#REF! -> #DIV/0! | I8: 16.384785
B36: 0 | C36: 0.17 | D36: 0.33 | E36: 0.5 | F36: 0.67 | G36: 0.83
A37: 0.5 | B37: 2.9974143 | C37: 2.9038331 | D37: 2.8588485 | E37: 2.7986281 | F37: 2.770604 | G37: 2.737312
A38: 0.67 | B38: 4.0013215 | C38: 3.7071677 | D38: 3.5771693 | E38: 3.4694709 | F38: 3.3751423 | G38: 3.317358
A39: 0.95 | B39: 14.932108 | C39: 11.748035 | D39: 10.766159 | E39: 9.9645611 | F39: 10.570638 | G39: 10.661985
A40: 1 | B40: 26.406196 | C40: 19.177193 | D40: 21.9949 | E40: 18.62121 | F40: 18.889695 | G40: 19.172077
A41: 1.05 | B41: 38.879091 | C41: 33.380311 | D41: 35.127272 | E41: 31.949706 | F41: 37.058154 | G41: 36.787902

Sheet AVGTO
A1: Average of Time Overall | B1: Percent Informed
A2: Poisson arrival rate | B2: 0 | C2: 0.17 | D2: 0.33 | E2: 0.5 | F2: 0.67 | G2: 0.83 | H2: 1 | I2: Grand Total
A3: 0.5 | B3: 2.9974143 | C3: 2.8114831 | D3: 2.7034745 | E3: 2.5944321 | F3: 2.528139 | G3: 2.4660736 | H3: 2.4227644 | I3: 2.6462544 | J3: =(B3-H3)/B3 -> 0.19171521
A4: 0.67 | B4: 4.0959772 | C4: 3.5565853 | D4: 3.3446625 | E4: 3.1817646 | F4: 3.068922 | G4: 2.9944611 | H4: 2.9019804 | I4: 3.223216 | J4: =(B4-H4)/B4 -> 0.29150473
A5: 0.95 | B5: 13.62211 | C5: 11.367643 | D5: 10.340674 | E5: 9.5111541 | F5: 10.090403 | G5: 10.099364 | H5: 9.9426239 | I5: 10.404089 | J5: =(B5-H5)/B5 -> 0.27011134
A6: 1 | B6: 25.859523 | C6: 18.72995 | D6: 21.484183 | E6: 18.159122 | F6: 18.399833 | G6: 18.667329 | H6: 19.279514 | I6: 19.638414 | J6: =(B6-H6)/B6 -> 0.25445205
A7: 1.05 | B7: 37.465035 | C7: 32.872017 | D7: 34.615616 | E7: 31.398488 | F7: 36.554709 | G7: 36.297006 | H7: 30.045464 | I7: 33.783929 | J7: =(B7-H7)/B7 -> 0.19803988
A8: Grand Total | B8: 14.486801 | C8: 15.271471 | D8: 16.092096 | E8: 14.358382 | F8: 15.698857 | G8: 15.678649 | H8: 14.300119 | I8: 15.178974 | J8: =(B8-H8)/B8 -> 0.012886392
A34: V/C
B35: 0 | C35: 0.17 | D35: 0.33 | E35: 0.5 | F35: 0.67 | G35: 0.83 | H35: 1
A36: 0.5 | B36: 2.9974143 | C36: 2.8114831 | D36: 2.7034745 | E36: 2.5944321 | F36: 2.528139 | G36: 2.4660736 | H36: 2.4227644
A37: 0.67 | B37: 4.0959772 | C37: 3.5565853 | D37: 3.3446625 | E37: 3.1817646 | F37: 3.068922 | G37: 2.9944611 | H37: 2.9019804
A38: 0.95 | B38: 13.62211 | C38: 11.367643 | D38: 10.340674 | E38: 9.5111541 | F38: 10.090403 | G38: 10.099364 | H38: 9.9426239
A39: 1 | B39: 25.859523 | C39: 18.72995 | D39: 21.484183 | E39: 18.159122 | F39: 18.399833 | G39: 18.667329 | H39: 19.279514
A40: 1.05 | B40: 37.465035 | C40: 32.872017 | D40: 34.615616 | E40: 31.398488 | F40: 36.554709 | G40: 36.297006 | H40: 30.045464

Sheet STDI
A1: Average of INFORMED STD DEV | B1: Percent Informed
A2: Poisson arrival rate | B2: 0 | C2: 0.17 | D2: 0.33 | E2: 0.5 | F2: 0.67 | G2: 0.83 | H2: 1 | I2: Grand Total
A3: 0.5 | B3: 0 | C3: 0.76195316 | D3: 0.79476127 | E3: 0.79205068 | F3: 0.7962229 | G3: 0.79779937 | H3: 0.81202296 | I3: 0.67925862
A4: 0.67 | B4: 0 | C4: 1.2768834 | D4: 1.2954374 | E4: 1.3193917 | F4: 1.3556559 | G4: 1.3324287 | H4: 1.2805214 | I4: 1.1229026
A5: 0.95 | B5: 0 | C5: 5.9894983 | D5: 5.8717505 | E5: 5.784186 | F5: 6.1246503 | G5: 6.0131199 | H5: 5.9587468 | I5: 5.1059931
A6: 1 | B6: 0 | C6: 9.2299752 | D6: 11.433867 | E6: 9.803981 | F6: 9.790772 | G6: 9.939696 | H6: 10.2283 | I6: 8.6323702
A7: 1.05 | B7: 0 | C7: 16.859557 | D7: 17.058758 | E7: 16.473589 | F7: 18.55436 | G7: 19.135694 | H7: 16.292316 | I7: 14.910611
A8: Grand Total | B8: 0 | C8: 7.5554784 | D8: 8.1091969 | E8: 7.5763039 | F8: 8.1300069 | G8: 8.2783296 | H8: 7.6609612 | I8: 6.758611
A10: Average of INFORMED STD DEV | B10: Percent Informed
C11: 0.17 | D11: 0.33 | E11: 0.5 | F11: 0.67 | G11: 0.83 | H11: 1
B12: 0.5 | C12: 0.76195316 | D12: 0.79476127 | E12: 0.79205068 | F12: 0.7962229 | G12: 0.79779937 | H12: 0.81202296
B13: 0.67 | C13: 1.2768834 | D13: 1.2954374 | E13: 1.3193917 | F13: 1.3556559 | G13: 1.3324287 | H13: 1.2805214
B14: 0.95 | C14: 5.9894983 | D14: 5.8717505 | E14: 5.784186 | F14: 6.1246503 | G14: 6.0131199 | H14: 5.9587468
B15: 1 | C15: 9.2299752 | D15: 11.433867 | E15: 9.803981 | F15: 9.790772 | G15: 9.939696 | H15: 10.2283
B16: 1.05 | C16: 16.859557 | D16: 17.058758 | E16: 16.473589 | F16: 18.55436 | G16: 19.135694 | H16: 16.292316

Sheet STDU
A1: Average of UNINFORMED STD DEV | B1: Percent Informed
A2: Poisson arrival rate | B2: 0 | C2: 0.17 | D2: 0.33 | E2: 0.5 | F2: 0.67 | G2: 0.83 | H2: 1 | I2: Grand Total
A3: 0.5 | B3: 1.5032737 | C3: 1.3708949 | D3: 1.2417737 | E3: 1.1424538 | F3: 1.0904074 | G3: 1.0228906 | H3: 0 | I3: 1.0530992
A4: 0.67 | B4: 2.5418299 | C4: 2.0543665 | D4: 1.8294092 | E4: 1.6927731 | F4: 1.5907603 | G4: 1.4986835 | H4: 0 | I4: 1.6011175
A5: 0.95 | B5: 9.6311741 | C5: 6.9037168 | D5: 6.2564084 | E5: 5.951581 | F5: 6.2186868 | G5: 6.0176683 | H5: 0 | I5: 5.8541765
A6: 1 | B6: 14.067635 | C6: 10.203012 | D6: 11.739868 | E6: 9.8902466 | F6: 9.7986722 | G6: 9.9765723 | H6: 0 | I6: 9.3822865
A7: 1.05 | B7: 19.388437 | C7: 17.956759 | D7: 17.375467 | E7: 16.501579 | F7: 18.630155 | G7: 19.252014 | H7: 0 | I7: 15.586344
A8: Grand Total | B8: 10.285478 | C8: 8.4485894 | D8: 8.4967125 | E8: 7.7604544 | F8: 8.2596983 | G8: 8.3842396 | H8: 0 | I8: 7.3764531
A11: Average of UNINFORMED STD DEV | B11: Percent Informed
B12: 0 | C12: 0.17 | D12: 0.33 | E12: 0.5 | F12: 0.67 | G12: 0.83 | H12: 1 | I12: Grand Total
A13: 0.5 | B13: 1.5032737 | C13: 1.3708949 | D13: 1.2417737 | E13: 1.1424538 | F13: 1.0904074 | G13: 1.0228906 | H13: 0 | I13: 1.0530992
A14: 0.67 | B14: 2.5418299 | C14: 2.0543665 | D14: 1.8294092 | E14: 1.6927731 | F14: 1.5907603 | G14: 1.4986835 | H14: 0 | I14: 1.6011175
A15: 0.95 | B15: 9.6311741 | C15: 6.9037168 | D15: 6.2564084 | E15: 5.951581 | F15: 6.2186868 | G15: 6.0176683 | H15: 0 | I15: 5.8541765
A16: 1 | B16: 14.067635 | C16: 10.203012 | D16: 11.739868 | E16: 9.8902466 | F16: 9.7986722 | G16: 9.9765723 | H16: 0 | I16: 9.3822865
A17: 1.05 | B17: 19.388437 | C17: 17.956759 | D17: 17.375467 | E17: 16.501579 | F17: 18.630155 | G17: 19.252014 | H17: 0 | I17: 15.586344
A18: Grand Total | B18: 10.285478 | C18: 8.4485894 | D18: 8.4967125 | E18: 7.7604544 | F18: 8.2596983 | G18: 8.3842396 | H18: 0 | I18: 7.3764531

Sheet DELTASTD
B1: =STDI!B1 -> Percent Informed | K1: Average Time Overall
C2: 0.17 | D2: 0.33 | E2: 0.5 | F2: 0.67 | G2: 0.83 | I2: =STDI!I2 -> Grand Total | K2: Grand Total
B3: 0.5 | C3: -0.60894172 | D3: -0.44701242 | E3: -0.35040312 | F3: -0.2941845 | G3: -0.22509127 | I3: =STDI!I3-STDU!I3 -> -0.37384054 | K3: 2.6462544
B4: 0.67 | C4: -0.77748313 | D4: -0.53397175 | E4: -0.37338141 | F4: -0.23510439 | G4: -0.16625479 | I4: =STDI!I4-STDU!I4 -> -0.47821486 | K4: 3.223216
B5: 0.95 | C5: -0.91421844 | D5: -0.38465794 | E5: -0.16739494 | F5: -0.094036515 | G5: -0.004548364 | I5: =STDI!I5-STDU!I5 -> -0.74818336 | K5: 10.404089
B6: 1 | C6: -0.97303678 | D6: -0.3060007 | E6: -0.08626562 | F6: -0.0079001983 | G6: -0.036876253 | I6: =STDI!I6-STDU!I6 -> -0.74991628 | K6: 19.638414
B7: 1.05 | C7: -1.0972025 | D7: -0.31670903 | E7: -0.027989374 | F7: -0.07579447 | G7: -0.11632031 | I7: =STDI!I7-STDU!I7 -> -0.67573378 | K7: 33.783929
I8: =STDI!I8-STDU!I8 -> -0.61784215 | K8: 15.178974
B12: Standard Deviation Informed - Uninformed (all else equal)

Sheet TSI
A1: Average of Informed %Savings | B1: Percent Informed
A2: Poisson arrival rate | B2: 0 | C2: 0.17 | D2: 0.33 | E2: 0.5 | F2: 0.67 | G2: 0.83 | H2: 1 | I2: Grand Total
A3: 0.5 | B3: =#REF! -> #DIV/0! | C3: 0.21135813 | D3: 0.20366357 | E3: 0.20173583 | F3: 0.19633418 | G3: 0.19593055 | H3: 0.19171409 | I3: 0.20012272
A4: 0.67 | B4: =#REF! -> #DIV/0! | C4: 0.29340716 | D4: 0.28194772 | E4: 0.27626925 | F4: 0.27122561 | G4: 0.26788754 | H4: 0.27450992 | I4: 0.2775412
A5: 0.95 | B5: =#REF! -> #DIV/0! | C5: 0.3589287 | D5: 0.36356478 | E5: 0.39127072 | F5: 0.33717389 | G5: 0.32418628 | H5: 0.32929443 | I5: 0.35073647
A6: 1 | B6: =#REF! -> #DIV/0! | C6: 0.3676765 | D6: 0.22035633 | E6: 0.32556053 | F6: 0.31090768 | G6: 0.29339264 | H6: 0.26194436 | I6: 0.29663967
A7: 1.05 | B7: =#REF! -> #DIV/0! | C7: 0.21685763 | D7: 0.13482903 | E7: 0.20606352 | F7: 0.067490939 | G7: 0.068789235 | H7: 0.22649028 | I7: 0.15342011
A8: Grand Total | B8: =#REF! -> #DIV/0! | C8: 0.28995403 | D8: 0.23342763 | E8: 0.27848962 | F8: 0.2310468 | G8: 0.22427886 | H8: 0.25531141 | I8: 0.25208472
C9: 0.17 | D9: 0.33 | E9: 0.5 | F9: 0.67 | G9: 0.83 | H9: 1
B10: 0.5 | C10: 0.21135813 | D10: 0.20366357 | E10: 0.20173583 | F10: 0.19633418 | G10: 0.19593055 | H10: 0.19171409 | I10: 0.20012272
B11: 0.67 | C11: 0.29340716 | D11: 0.28194772 | E11: 0.27626925 | F11: 0.27122561 | G11: 0.26788754 | H11: 0.27450992 | I11: 0.2775412
B12: 0.95 | C12: 0.3589287 | D12: 0.36356478 | E12: 0.39127072 | F12: 0.33717389 | G12: 0.32418628 | H12: 0.32929443 | I12: 0.35073647
B13: 1 | C13: 0.3676765 | D13: 0.22035633 | E13: 0.32556053 | F13: 0.31090768 | G13: 0.29339264 | H13: 0.26194436 | I13: 0.29663967
B14: 1.05 | C14: 0.21685763 | D14: 0.13482903 | E14: 0.20606352 | F14: 0.067490939 | G14: 0.068789235 | H14: 0.22649028 | I14: 0.15342011

Sheet TSU
A1: Average of Uninformed %Savings | B1: Percent Informed
A2: Poisson arrival rate | B2: 0 | C2: 0.17 | D2: 0.33 | E2: 0.5 | F2: 0.67 | G2: 0.83 | H2: 1 | I2: Grand Total
A3: 0.5 | C3: 0.031222477 | D3: 0.046229305 | E3: 0.066317753 | F3: 0.075668526 | G3: 0.086774175 | H3: =#REF! -> #DIV/0! | I3: 0.061242447
A4: 0.67 | B4: =#REF! -> #DIV/0! | C4: 0.073384988 | D4: 0.10578911 | E4: 0.13274572 | F4: 0.15641219 | G4: 0.17074137 | H4: =#REF! -> #DIV/0! | I4: 0.12781468
A5: 0.95 | C5: 0.20935293 | D5: 0.27698294 | E5: 0.3303173 | F5: 0.28917738 | G5: 0.27879912 | H5: =#REF! -> #DIV/0! | I5: 0.27692593
A6: 1 | B6: =#REF! -> #DIV/0! | C6: 0.26785016 | D6: 0.16128504 | E6: 0.29029138 | F6: 0.28285653 | G6: 0.26973948 | H6: =#REF! -> #DIV/0! | I6: 0.25440452
A7: 1.05 | B7: =#REF! -> #DIV/0! | C7: 0.13991461 | D7: 0.095004678 | E7: 0.17737081 | F7: 0.048401961 | G7: 0.053739907 | H7: =#REF! -> #DIV/0! | I7: 0.10288639
A8: Grand Total | B8: =#REF! -> #DIV/0! | C8: 0.15134943 | D8: 0.13600958 | E8: 0.2034583 | F8: 0.1699299 | G8: 0.17075656 | H8: =#REF! -> #DIV/0! | I8: 0.16630075
A11: Poisson arrival rate | C11: 0.17 | D11: 0.33 | E11: 0.5 | F11: 0.67 | G11: 0.83
B12: 0.5 | C12: 0.031222477 | D12: 0.046229305 | E12: 0.066317753 | F12: 0.075668526 | G12: 0.086774175
B13: 0.67 | C13: 0.073384988 | D13: 0.10578911 | E13: 0.13274572 | F13: 0.15641219 | G13: 0.17074137
B14: 0.95 | C14: 0.20935293 | D14: 0.27698294 | E14: 0.3303173 | F14: 0.28917738 | G14: 0.27879912
B15: 1 | C15: 0.26785016 | D15: 0.16128504 | E15: 0.29029138 | F15: 0.28285653 | G15: 0.26973948
B16: 1.05 | C16: 0.13991461 | D16: 0.095004678 | E16: 0.17737081 | F16: 0.048401961 | G16: 0.053739907

Sheet Summary
A2: Poisson arrival rate | B2: Percent Informed | C2: Time Informed | D2: Time Uninformed | E2: Time Overall | F2: Informed %Savings | G2: Uninformed %Savings | H2: INFORMED STD DEV | I2: UNINFORMED STD DEV
A3: 1.05 | B3: 1 | C3: 31.682477 | E3: 31.682477 | F3: 0.24489711 | H3: 16.587082 | I3: 0
A4: 1.05 | B4: 0.83 | C4: 39.185828 | D4: 40.074984 | E4: 39.336095 | F4: 0.066066342 | G4: 0.044874692 | H4: 21.366129 | I4: 21.231431
A5: 1.05 | B5: 0.67 | C5: 40.712978 | D5: 41.832497 | E5: 41.080293 | F5: 0.029669075 | G5: 0.0029870724 | H5: 20.971842 | I5: 20.756245
A6: 1.05 | B6: 0.5 | C6: 32.070954 | D6: 33.072158 | E6: 32.567985 | F6: 0.23563838 | G6: 0.21177623 | H6: 17.302079 | I6: 16.917287
A7: 1.05 | B7: 0.33 | C7: 33.972686 | D7: 35.570586 | E7: 35.045623 | F7: 0.19031352 | G7: 0.15223004 | H7: 18.095706 | I7: 18.227142
A8: 1.05 | B8: 0.17 | C8: 30.294412 | D8: 33.81784 | E8: 33.20817 | F8: 0.2779795 | G8: 0.19400404 | H8: 16.389283 | I8: 17.575058
A9: 1.05 | B9: 0 | D9: 41.957828 | H9: 0 | I9: 19.978538
A10: 1 | B10: 1 | C10: 17.735895 | E10: 17.735895 | F10: 0.40053036 | H10: 9.7195623 | I10: 0
A11: 1 | B11: 0.83 | C11: 18.370991 | D11: 18.636773 | E11: 18.41582 | F11: 0.37906423 | G11: 0.37008086 | H11: 10.446204 | I11: 10.204545
A12: 1 | B12: 0.67 | C12: 18.760715 | D12: 19.507912 | E12: 19.012047 | F12: 0.36589164 | G12: 0.34063653 | H12: 10.000721 | I12: 9.9682496
A13: 1 | B13: 0.5 | C13: 18.348034 | D13: 19.372805 | E13: 18.864587 | F13: 0.37984018 | G13: 0.34520312 | H13: 10.000025 | I13: 9.9191119
A14: 1 | B14: 0.33 | C14: 19.279058 | D14: 20.646117 | E14: 20.193028 | F14: 0.34837174 | G14: 0.30216543 | H14: 10.767779 | I14: 11.13475
A15: 1 | B15: 0.17 | C15: 15.236069 | D15: 17.976165 | E15: 17.506421 | F15: 0.48502398 | G15: 0.39240929 | H15: 8.6072455 | I15: 9.6654922
A16: 1 | B16: 0 | D16: 29.585977 | H16: 0 | I16: 16.139099
A17: 0.95 | B17: 1 | C17: 9.8934549 | E17: 9.8934549 | F17: 0.34690223 | H17: 5.5278838 | I17: 0
A18: 0.95 | B18: 0.83 | C18: 9.2986062 | D18: 9.8788433 | E18: 9.3999543 | F18: 0.38617004 | G18: 0.34786679 | H18: 5.8449556 | I18: 5.7705817
A19: 0.95 | B19: 0.67 | C19: 9.8927857 | D19: 10.557592 | E19: 10.117158 | F19: 0.3469464 | G19: 0.30306047 | H19: 6.0444989 | I19: 6.0468241
A20: 0.95 | B20: 0.5 | C20: 9.1441328 | D20: 10.035877 | E20: 9.5893508 | F20: 0.39636731 | G20: 0.33750051 | H20: 5.5871675 | I20: 5.6935427
A21: 0.95 | B21: 0.33 | C21: 9.522044 | D21: 10.818889 | E21: 10.394907 | F21: 0.37142021 | G21: 0.28581146 | H21: 5.8266719 | I21: 6.0362923
A22: 0.95 | B22: 0.17 | C22: 10.114132 | D22: 12.489111 | E22: 12.080298 | F22: 0.33233464 | G22: 0.17555491 | H22: 6.313128 | I22: 7.0116455
A23: 0.95 | B23: 0 | D23: 15.148505 | H23: 0 | I23: 9.8046489
A24: 0.67 | B24: 1 | C24: 2.9115742 | E24: 2.9115742 | F24: 0.25968868 | H24: 1.2746611 | I24: 0
A25: 0.67 | B25: 0.83 | C25: 2.9093896 | D25: 3.3023762 | E25: 2.9762104 | F25: 0.26024413 | G25: 0.16032143 | H25: 1.2971508 | I25: 1.4793351
A26: 0.67 | B26: 0.67 | C26: 2.8909978 | D26: 3.3560293 | E26: 3.0483645 | F26: 0.26492052 | G26: 0.14667931 | H26: 1.3214767 | I26: 1.5865201
A27: 0.67 | B27: 0.5 | C27: 2.865306 | D27: 3.4478998 | E27: 3.1538841 | F27: 0.27145305 | G27: 0.12331987 | H27: 1.2682469 | I27: 1.6676544
A28: 0.67 | B28: 0.33 | C28: 2.8969059 | D28: 3.5920887 | E28: 3.3618673 | F28: 0.26341832 | G28: 0.086657684 | H28: 1.3260655 | I28: 1.8473322
A29: 0.67 | B29: 0.17 | C29: 2.8097927 | D29: 3.6473139 | E29: 3.5045444 | F29: 0.28556815 | G29: 0.072615845 | H29: 1.2431327 | I29: 1.9695739
A30: 0.67 | B30: 0 | D30: 3.9329051 | H30: 0 | I30: 2.5592495
A31: 0.5 | B31: 1 | C31: 2.4245431 | E31: 2.4245431 | F31: 0.19070977 | H31: 0.82390855 | I31: 0
A32: 0.5 | B32: 0.83 | C32: 2.4161376 | D32: 2.7562563 | E32: 2.4732436 | F32: 0.19351543 | G32: 0.07998693 | H32: 0.81575665 | I32: 1.0740898
A33: 0.5 | B33: 0.67 | C33: 2.4080467 | D33: 2.7687624 | E33: 2.527107 | F33: 0.1962161 | G33: 0.075812504 | H33: 0.79879004 | I33: 1.0652833
A34: 0.5 | B34: 0.5 | C34: 2.3908972 | D34: 2.798256 | E34: 2.5920102 | F34: 0.20194047 | G34: 0.065967824 | H34: 0.78655358 | I34: 1.1169052
A35: 0.5 | B35: 0.33 | C35: 2.3821458 | D35: 2.8650651 | E35: 2.7061042 | F35: 0.20486158 | G35: 0.043667552 | H35: 0.8067439 | I35: 1.2310727
A36: 0.5 | B36: 0.17 | C36: 2.371512 | D36: 2.8755035 | E36: 2.7894721 | F36: 0.20841104 | G36: 0.040183328 | H36: 0.75412705 | I36: 1.369245
A37: 0.5 | B37: 0 | D37: 2.9958882 | E37: 2.9958882 | H37: 0 | I37: 1.5298791
A38: 1.05 | B38: 1 | C38: 31.63931 | E38: 31.63931 | F38: 0.15549766 | H38: 16.62119 | I38: 0
A39: 1.05 | B39: 0.83 | C39: 37.527361 | D39: 38.037644 | E39: 37.613837 | F39: -0.001663568 | G39: -0.015283835 | H39: 19.129896 | I39: 19.780879
A40: 1.05 | B40: 0.67 | C40: 30.561006 | D40: 31.416122 | E40: 30.840002 | F40: 0.18427926 | G40: 0.16145489 | H40: 16.278391 | I40: 16.442894
A41: 1.05 | B41: 0.5 | C41: 29.05247 | D41: 30.600582 | E41: 29.83246 | F41: 0.22454443 | G41: 0.18322293 | H41: 16.877793 | I41: 16.968398
A42: 1.05 | B42: 0.33 | C42: 32.999429 | D42: 34.493646 | E42: 33.997267 | F42: 0.11919396 | G42: 0.079310999 | H42: 16.130449 | I42: 16.548422
A43: 1.05 | B43: 0.17 | C43: 30.874859 | D43: 33.892836 | E43: 33.387426 | F43: 0.17590203 | G43: 0.095347539 | H43: 16.652551 | I43: 18.416651
A44: 1.05 | B44: 0 | D44: 37.465035 | E44: 37.465035 | H44: 0 | I44: 18.198291
A45: 1 | B45: 1 | C45: 23.228833 | E45: 23.228833 | F45: 0.044857673 | H45: 11.721294 | I45: 0
A46: 1 | B46: 0.83 | C46: 18.365334 | D46: 19.176041 | E46: 18.505559 | F46: 0.24483903 | G46: 0.2115037 | H46: 9.2607179 | I46: 9.4381826
A47: 1 | B47: 0.67 | C47: 16.227067 | D47: 17.26902 | E47: 16.571676 | F47: 0.33276207 | G47: 0.28991817 | H47: 8.8699079 | I47: 8.8850986
A48: 1 | B48: 0.5 | C48: 19.411288 | D48: 20.382756 | E48: 19.895662 | F48: 0.20183061 | G48: 0.16188502 | H48: 11.245381 | I48: 11.389376
A49: 1 | B49: 0.33 | C49: 21.450655 | D49: 22.950345 | E49: 22.456397 | F49: 0.11797427 | G49: 0.056308767 | H49: 11.813338 | I49: 12.265036
A50: 1 | B50: 0.17 | C50: 16.776953 | D50: 19.292455 | E50: 18.864903 | F50: 0.31015141 | G50: 0.2067169 | H50: 9.0543127 | I50: 9.8480001
A51: 1 | B51: 0 | D51: 24.319761 | H51: 0 | I51: 13.536657
A52: 0.95 | B52: 1 | C52: 9.47909 | E52: 9.47909 | F52: 0.40850727 | H52: 5.905821 | I52: 0
A53: 0.95 | B53: 0.83 | C53: 9.3440267 | D53: 10.119152 | E53: 9.4729042 | F53: 0.41693518 | G53: 0.36856756 | H53: 5.4621942 | I53: 5.6079165
A54: 0.95 | B54: 0.67 | C54: 9.8245269 | D54: 10.6638 | E54: 10.098466 | F54: 0.38695209 | G54: 0.33458166 | H54: 6.2737602 | I54: 6.3454476
A55: 0.95 | B55: 0.5 | C55: 9.1121814 | D55: 10.100904 | E55: 9.6109262 | F55: 0.43140226 | G55: 0.36970621 | H55: 5.7650108 | I55: 6.0271284
A56: 0.95 | B56: 0.33 | C56: 9.8134514 | D56: 11.076452 | E56: 10.649726 | F56: 0.3876432 | G56: 0.30883229 | H56: 5.9192262 | I56: 6.5216755
A57: 0.95 | B57: 0.17 | C57: 8.966065 | D57: 11.166733 | E57: 10.793573 | F57: 0.44051989 | G57: 0.30319879 | H57: 5.639448 | I57: 6.7844363
A58: 0.95 | B58: 0 | D58: 16.025708 | H58: 0 | I58: 9.7597891
A59: 0.67 | B59: 1 | C59: 2.8970004 | E59: 2.8970004 | F59: 0.27120996 | H59: 1.2728185 | I59: 0
A60: 0.67 | B60: 0.83 | C60: 2.9459146 | D60: 3.3166948 | E60: 3.0078967 | F60: 0.25890474 | G60: 0.16562864 | H60: 1.3648885 | I60: 1.4968609
A61: 0.67 | B61: 0.67 | C61: 2.8808907 | D61: 3.3330776 | E61: 3.0303234 | F61: 0.27526263 | G61: 0.16150725 | H61: 1.3131228 | I61: 1.552186
A62: 0.67 | B62: 0.5 | C62: 2.9016823 | D62: 3.4651531 | E62: 3.18477 | F62: 0.27003214 | G62: 0.12828142 | H62: 1.3231371 | I62: 1.6880369
A63: 0.67 | B63: 0.33 | C63: 2.8528339 | D63: 3.5364188 | E63: 3.315074 | F63: 0.28232078 | G63: 0.11035331 | H63: 1.2842021 | I63: 1.7982722
A64: 0.67 | B64: 0.17 | C64: 2.8274839 | D64: 3.7302362 | E64: 3.5771294 | F64: 0.28869802 | G64: 0.061595224 | H64: 1.304484 | I64: 2.192575
A65: 0.67 | B65: 0 | D65: 3.9750822 | H65: 0 | I65: 2.4661602
A66: 0.5 | B66: 1 | C66: 2.4169524 | E66: 2.4169524 | F66: 0.19435017 | H66: 0.8038924 | I66: 0
A67: 0.5 | B67: 0.83 | C67: 2.3936725 | D67: 2.7321014 | E67: 2.4514648 | F67: 0.20211014 | G67: 0.089300653 | H67: 0.7679254 | I67: 0.98659703
A68: 0.5 | B68: 0.67 | C68: 2.4131333 | D68: 2.7721663 | E68: 2.5307166 | F68: 0.19562322 | G68: 0.075945679 | H68: 0.79919996 | I68: 1.1025887
A69: 0.5 | B69: 0.5 | C69: 2.3937949 | D69: 2.7902519 | E69: 2.591997 | F69: 0.20206932 | G69: 0.069917177 | H69: 0.78411125 | I69: 1.137453
A70: 0.5 | B70: 0.33 | C70: 2.3945841 | D70: 2.8686751 | E70: 2.7111347 | F70: 0.20180625 | G70: 0.043776125 | H70: 0.78039445 | I70: 1.2821118
A71: 0.5 | B71: 0.17 | C71: 2.3578818 | D71: 2.9166802 | E71: 2.8203247 | F71: 0.21404037 | G71: 0.02777444 | H71: 0.76337022 | I71: 1.418854
A72: 0.5 | B72: 0 | D72: 3.0000036 | E72: 3.0000036 | H72: 0 | I72: 1.4853721
A73: 0.95 | B73: 1 | C73: 10.455327 | E73: 10.455327 | F73: 0.23247379 | H73: 6.4425356 | I73: 0
A74: 0.95 | B74: 0.83 | C74: 11.313795 | D74: 11.987961 | E74: 11.425234 | F74: 0.16945361 | G74: 0.11996302 | H74: 6.7322099 | I74: 6.6745066
A75: 0.95 | B75: 0.67 | C75: 9.8402968 | D75: 10.490523 | E75: 10.055587 | F75: 0.27762318 | G75: 0.22989 | H75: 6.0556918 | I75: 6.2637887
A76: 0.95 | B76: 0.5 | C76: 8.90828 | D76: 9.7569023 | E76: 9.3331852 | F76: 0.34604259 | G76: 0.28374517 | H76: 6.0003797 | I76: 6.1340719
A77: 0.95 | B77: 0.33 | C77: 9.1045972 | D77: 10.403137 | E77: 9.9773889 | F77: 0.33163094 | G77: 0.23630506 | H77: 5.8693534 | I77: 6.2112576
A78: 0.95 | B78: 0.17 | C78: 9.4819211 | D78: 11.58826 | E78: 11.229059 | F78: 0.30393156 | G78: 0.14930508 | H78: 6.015919 | I78: 6.9150685
A79: 0.95 | B79: 0 | D79: 13.62211 | E79: 13.62211 | H79: 0 | I79: 9.3290844
A80: 0.67 | B80: 1 | C80: 2.8973668 | E80: 2.8973668 | F80: 0.29263111 | H80: 1.2940846 | I80: 0
A81: 0.67 | B81: 0.83 | C81: 2.9306153 | D81: 3.3330029 | E81: 2.999276 | F81: 0.28451376 | G81: 0.18627404 | H81: 1.3352468 | I81: 1.5198544
A82: 0.67 | B82: 0.67 | C82: 2.9757533 | D82: 3.43632 | E82: 3.128078 | F82: 0.27349368 | G82: 0.16105002 | H82: 1.4323682 | I82: 1.6335748
A83: 0.67 | B83: 0.5 | C83: 2.9191105 | D83: 3.4953599 | E83: 3.2066398 | F83: 0.28732256 | G83: 0.14663589 | H83: 1.366791 | I83: 1.722628
A84: 0.67 | B84: 0.33 | C84: 2.8667577 | D84: 3.6030004 | E84: 3.3570462 | F84: 0.30010407 | G84: 0.12035634 | H84: 1.2760446 | I84: 1.8426231
A85: 0.67 | B85: 0.17 | C85: 2.8427912 | D85: 3.7439529 | E85: 3.588082 | F85: 0.30595531 | G85: 0.085943895 | H85: 1.2830335 | I85: 2.0009507
A86: 0.67 | B86: 0 | D86: 4.0959772 | E86: 4.0959772 | H86: 0 | I86: 2.6000801
A87: 1.05 | B87: 1 | C87: 29.667117 | E87: 29.667117 | F87: 0.22079758 | H87: 16.442092 | I87: 0
A88: 1.05 | B88: 0.83 | C88: 32.574021 | D88: 33.242963 | E88: 32.688967 | F88: 0.14444818 | G88: 0.12687851 | H88: 16.476159 | I88: 16.346638
A89: 1.05 | B89: 0.67 | C89: 36.850424 | D89: 37.633734 | E89: 37.108968 | F89: 0.032129081 | G89: 0.01155555 | H89: 17.907108 | I89: 18.203837
A90: 1.05 | B90: 0.5 | C90: 29.16864 | D90: 30.446477 | E90: 29.815651 | F90: 0.23388999 | G90: 0.2003278 | H90: 14.553328 | I90: 15.054231
A91: 1.05 | B91: 0.33 | C91: 33.904282 | D91: 35.563852 | E91: 35.016028 | F91: 0.10950905 | G91: 0.065920686 | H91: 17.715773 | I91: 17.862323
A92: 1.05 | B92: 0.17 | C92: 30.730928 | D92: 33.890544 | E92: 33.361519 | F92: 0.19285673 | G92: 0.10986988 | H92: 18.1607 | I92: 18.715966
A93: 1.05 | B93: 0 | D93: 38.073697 | H93: 0 | I93: 19.908979
A94: 1.05 | B94: 1 | C94: 27.192952 | E94: 27.192952 | F94: 0.28476878 | H94: 15.518902 | I94: 0
A95: 1.05 | B95: 0.83 | C95: 35.498865 | D95: 35.796018 | E95: 35.549123 | F95: 0.066305989 | G95: 0.058490257 | H95: 19.570591 | I95: 19.649109
A96: 1.05 | B96: 0.67 | C96: 37.111652 | D96: 37.350264 | E96: 37.189575 | F96: 0.023886341 | G96: 0.017610329 | H96: 19.060101 | I96: 19.117645
A97: 1.05 | B97: 0.5 | C97: 33.070339 | D97: 33.679606 | E97: 33.377856 | F97: 0.13018128 | G97: 0.11415627 | H97: 17.161158 | I97: 17.0664
A98: 1.05 | B98: 0.33 | C98: 33.446038 | D98: 34.881005 | E98: 34.403544 | F98: 0.1202996 | G98: 0.082556988 | H98: 16.293105 | I98: 16.863982
A99: 1.05 | B99: 0.17 | C99: 29.629129 | D99: 31.920023 | E99: 31.530953 | F99: 0.22069227 | G99: 0.16043699 | H99: 16.235693 | I99: 17.119362
A100: 1.05 | B100: 0 | D100: 38.019806 | H100: 0 | I100: 19.467941
A101: 1 | B101: 1 | C101: 17.422844 | E101: 17.422844 | F101: 0.31309053 | H101: 10.194547 | I101: 0
...

Sheet RESULTS
A1: Poisson | B1: Freeway | C1: Arterial | D1: Freeway | E1: Demand | F1: Alternate | G1: Percent | H1: MEAN | L1: STD.DEV | P1: N
A2: arrival rate | B2: Service time mean | D2: range | E2: Coefficient | F2: Time | G2: Informed | H2: FREEWAY | I2: FREEWAY | J2: ARTERIAL | K2: ARTERIAL | L2: FREEWAY | M2: FREEWAY | N2: ARTERIAL | O2: ARTERIAL | P2: FREEWAY | Q2: FREEWAY | R2: ARTERIAL | S2: ARTERIAL | T2: Time | W2: Informed | X2: Uninformed
A3: (cust/sec) | B3: (sec) | F3: (sec) | H3: INFORMED | I3: UNINFORMED | J3: INFORMED | K3: UNINFORMED | L3: INFORMED | M3: UNINFORMED | N3: INFORMED | O3: UNINFORMED | P3: INFORMED | Q3: UNINFORMED | R3: INFORMED | S3: UNINFORMED | T3: Informed | U3: Uninformed | V3: Overall | W3: %Savings | X3: %Savings
A5: 1.05 | B5: 2 | C5: 2 | D5: 0.5 | E5: -0.15 | F5: 0 | G5: 1 | H5: 31.684411 | I5: 0 | J5: 31.680541 | K5: 0 | L5: 16.587082 | M5: 0 | N5: 16.527711 | O5: 0 | P5: 15009 | Q5: 0 | R5: 14991 | S5: 0 | T5: =(H5*P5+J5*R5)/(P5+R5) -> 31.682477 | V5: =(H5*P5+I5*Q5+J5*R5+K5*S5)/(P5+Q5+R5+S5) -> 31.682477 | W5: =($U$11-T5)/($U$11) -> 0.24489711
A6: 1.05 | B6: 2 | C6: 2 | D6: 0.5 | E6: -0.15 | F6: 0 | G6: 0.83 | H6: 39.107579 | I6: 40.002543 | J6: 39.264746 | K6: 40.146178 | L6: 21.366129 | M6: 21.231431 | N6: 21.342568 | O6: 21.0378 | P6: 12518 | Q6: 2513 | R6: 12412 | S6: 2557 | T6: =(H6*P6+J6*R6)/(P6+R6) -> 39.185828 | U6: =(I6*Q6+K6*S6)/(Q6+S6) -> 40.074984 | V6: =(H6*P6+I6*Q6+J6*R6+K6*S6)/(P6+Q6+R6+S6) -> 39.336095 | W6: =($U$11-T6)/($U$11) -> 0.066066342 | X6: =($U$11-U6)/($U$11) -> 0.044874692
A7: 1.05 | B7: 2 | C7: 2 | D7: 0.5 | E7: -0.15 | F7: 0 | G7: 0.67 | H7: 40.702355 | I7: 41.914419 | J7: 40.723402 | K7: 41.747333 | L7: 20.971842 | M7: 20.756245 | N7: 20.86166 | O7: 20.606101 | P7: 9983 | Q7: 5017 | R7: 10174 | S7: 4826 | T7: =(H7*P7+J7*R7)/(P7+R7) -> 40.712978 | U7: =(I7*Q7+K7*S7)/(Q7+S7) -> 41.832497 | V7: =(H7*P7+I7*Q7+J7*R7+K7*S7)/(P7+Q7+R7+S7) -> 41.080293 | W7: =($U$11-T7)/($U$11) -> 0.029669075 | X7: =($U$11-U7)/($U$11) -> 0.0029870724
A8: 1.05 | B8: 2 | C8: 2 | D8: 0.5 | E8: -0.15 | F8: 0 | G8: 0.5 | H8: 31.992867 | I8: 33.184712 | J8: 32.148412 | K8: 32.958219 | L8: 17.302079 | M8: 16.917287 | N8: 17.002178 | O8: 17.086225 | P8: 7523 | Q8: 7492 | R8: 7584 | S8: 7401 | T8: =(H8*P8+J8*R8)/(P8+R8) -> 32.070954 | U8: =(I8*Q8+K8*S8)/(Q8+S8) -> 33.072158 | V8: =(H8*P8+I8*Q8+J8*R8+K8*S8)/(P8+Q8+R8+S8) -> 32.567985 | W8: =($U$11-T8)/($U$11) -> 0.23563838 | X8: =($U$11-U8)/($U$11) -> 0.21177623
A9: 1.05 | B9: 2 | C9: 2 | D9: 0.5 | E9: -0.15 | F9: 0 | G9: 0.33 | H9: 34.206931 | I9: 35.443044 | J9: 33.74454 | K9: 35.70012 | L9: 18.095706 | M9: 18.227142 | N9: 17.771676 | O9: 18.375616 | P9: 4863 | Q9: 10150 | R9: 4993 | S9: 9994 | T9: =(H9*P9+J9*R9)/(P9+R9) -> 33.972686 | U9: =(I9*Q9+K9*S9)/(Q9+S9) -> 35.570586 | V9: =(H9*P9+I9*Q9+J9*R9+K9*S9)/(P9+Q9+R9+S9) -> 35.045623 | W9: =($U$11-T9)/($U$11) -> 0.19031352 | X9: =($U$11-U9)/($U$11) -> 0.15223004
A10: 1.05 | B10: 2 | C10: 2 | D10: 0.5 | E10: -0.15 | F10: 0 | G10: 0.17 | H10: 29.818724 | I10: 33.872879 | J10: 30.771753 | K10: 33.762699 | L10: 16.389283 | M10: 17.575058 | N10: 16.780524 | O10: 17.376178 | P10: 2600 | Q10: 12416 | R10: 2591 | S10: 12393 | T10: =(H10*P10+J10*R10)/(P10+R10) -> 30.294412 | U10: =(I10*Q10+K10*S10)/(Q10+S10) -> 33.81784 | V10: =(H10*P10+I10*Q10+J10*R10+K10*S10)/(P10+Q10+R10+S10) -> 33.20817 | W10: =($U$11-T10)/($U$11) -> 0.2779795 | X10: =($U$11-U10)/($U$11) -> 0.19400404
A11: 1.05 | B11: 2 | C11: 2 | D11: 0.5 | E11: -0.15 | F11: 0 | G11: 0 | H11: 0 | I11: 37.427514 | J11: 0 | K11: 46.412073 | L11: 0 | M11: 19.978538 | N11: 0 | O11: 25.656406 | P11: 0 | Q11: 14873 | R11: 0 | S11: 15127 | U11: =(I11*Q11+K11*S11)/(Q11+S11) -> 41.957828
A12: 1 | B12: 2 | C12: 2 | D12: 0.5 | E12: -0.15 | F12: 0 | G12: 1 | H12: 17.750001 | I12: 0 | J12: 17.72179 | K12: 0 | L12: 9.7195623 | M12: 0 | N12: 9.7141449 | O12: 0 | P12: 14999 | Q12: 0 | R12: 15001 | S12: 0 | T12: =(H12*P12+J12*R12)/(P12+R12) -> 17.735895 | V12: =(H12*P12+I12*Q12+J12*R12+K12*S12)/(P12+Q12+R12+S12) -> 17.735895 | W12: =($U$18-T12)/($U$18) -> 0.40053036
A13: 1 | B13: 2 | C13: 2 | D13: 0.5 | E13: -0.15 | F13: 0 | G13: 0.83 | H13: 18.383866 | I13: 18.455802 | J13: 18.358069 | K13: 18.815893 | L13: 10.446204 | M13: 10.204545 | N13: 10.435674 | O13: 10.226003 | P13: 12493 | Q13: 2517 | R13: 12447 | S13: 2543 | T13: =(H13*P13+J13*R13)/(P13+R13) -> 18.370991 | U13: =(I13*Q13+K13*S13)/(Q13+S13) -> 18.636773 | V13: =(H13*P13+I13*Q13+J13*R13+K13*S13)/(P13+Q13+R13+S13) -> 18.41582 | W13: =($U$18-T13)/($U$18) -> 0.37906423 | X13: =($U$18-U13)/($U$18) -> 0.37008086
A14: 1 | B14: 2 | C14: 2 | D14: 0.5 | E14: -0.15 | F14: 0 | G14: 0.67 | H14: 18.726792 | I14: 19.541233 | J14: 18.794786 | K14: 19.474757 | L14: 10.000721 | M14: 9.9682496 | N14: 9.9517624 | O14: 9.9913236 | P14: 9976 | Q14: 5033 | R14: 9933 | S14: 5058 | T14: =(H14*P14+J14*R14)/(P14+R14) -> 18.760715 | U14: =(I14*Q14+K14*S14)/(Q14+S14) -> 19.507912 | V14: =(H14*P14+I14*Q14+J14*R14+K14*S14)/(P14+Q14+R14+S14) -> 19.012047 | W14: =($U$18-T14)/($U$18) -> 0.36589164 | X14: =($U$18-U14)/($U$18) -> 0.34063653
A15: 1 | B15: 2 | C15: 2 | D15: 0.5 | E15: -0.15 | F15: 0 | G15: 0.5 | H15: 18.452062 | I15: 19.186196 | J15: 18.243641 | K15: 19.55981 | L15: 10.000025 | M15: 9.9191119 | N15: 9.7387426 | O15: 10.140356 | P15: 7452 | Q15: 7569 | R15: 7426 | S15: 7553 | T15: =(H15*P15+J15*R15)/(P15+R15) -> 18.348034 | U15: =(I15*Q15+K15*S15)/(Q15+S15) -> 19.372805 | V15: =(H15*P15+I15*Q15+J15*R15+K15*S15)/(P15+Q15+R15+S15) -> 18.864587 | W15: =($U$18-T15)/($U$18) -> 0.37984018 | X15: =($U$18-U15)/($U$18) -> 0.34520312
A16: 1 | B16: 2 | C16: 2 | D16: 0.5 | E16: -0.15 | F16: 0 | G16: 0.33 | H16: 18.842882 | I16: 20.777686 | J16: 19.722043 | K16: 20.515086 | L16: 10.767779 | M16: 11.13475 | N16: 10.846564 | O16: 10.923968 | P16: 5010 | Q16: 10008 | R16: 4933 | S16: 10049 | T16: =(H16*P16+J16*R16)/(P16+R16) -> 19.279058 | U16: =(I16*Q16+K16*S16)/(Q16+S16) -> 20.646117 | V16: =(H16*P16+I16*Q16+J16*R16+K16*S16)/(P16+Q16+R16+S16) -> 20.193028 | W16: =($U$18-T16)/($U$18) -> 0.34837174 | X16: =($U$18-U16)/($U$18) -> 0.30216543
A17: 1 | B17: 2 | C17: 2 | D17: 0.5 | E17: -0.15 | F17: 0 | G17: 0.17 | H17: 14.985878 | I17: 17.709691 | J17: 15.494869 | K17: 18.242531 | L17: 8.6072455 | M17: 9.6654922 | N17: 8.946753 | O17: 9.684633 | P17: 2615 | Q17: 12426 | R17: 2528 | S17: 12431 | T17: =(H17*P17+J17*R17)/(P17+R17) -> 15.236069 | U17: =(I17*Q17+K17*S17)/(Q17+S17) -> 17.976165 | V17: =(H17*P17+I17*Q17+J17*R17+K17*S17)/(P17+Q17+R17+S17) -> 17.506421 | W17: =($U$18-T17)/($U$18) -> 0.48502398 | X17: =($U$18-U17)/($U$18) -> 0.39240929
A18: 1 | B18: 2 | C18: 2 | D18: 0.5 | E18: -0.15 | F18: 0 | G18: 0 | H18: 0 | I18: 28.660292 | J18: 0 | K18: 30.512526 | L18: 0 | M18: 16.139099 | N18: 0 | O18: 15.732407 | P18: 0 | Q18: 15007 | R18: 0 | S18: 14993 | U18: =(I18*Q18+K18*S18)/(Q18+S18) -> 29.585977
A19: 0.95 | B19: 2 | C19: 2 | D19: 0.5 | E19: -0.15 | F19: 0 | G19: 1 | H19: 9.8877474 | I19: 0 | J19: 9.8991807 | K19: 0 | L19: 5.5278838 | M19: 0 | N19: 5.5340246 | O19: 0 | P19: 15024 | Q19: 0 | R19: 14976 | S19: 0 | T19: =(H19*P19+J19*R19)/(P19+R19) -> 9.8934549 | V19: =(H19*P19+I19*Q19+J19*R19+K19*S19)/(P19+Q19+R19+S19) -> 9.8934549 | W19: =($U$25-T19)/($U$25) -> 0.34690223
A20: 0.95 | B20: 2 | C20: 2 | D20: 0.5 | E20: -0.15 | F20: 0 | G20: 0.83 | H20: 9.2823553 | I20: 9.9153879 | J20: 9.314894 | K20: 9.8419905 | L20: 5.8449556 | M20: 5.7705817 | N20: 5.794794 | O20: 5.937384 | P20: 12394 | Q20: 2631 | R20: 12366 | S20: 2609 | T20: =(H20*P20+J20*R20)/(P20+R20) -> 9.2986062 | U20: =(I20*Q20+K20*S20)/(Q20+S20) -> 9.8788433 | V20: =(H20*P20+I20*Q20+J20*R20+K20*S20)/(P20+Q20+R20+S20) -> 9.3999543 | W20: =($U$25-T20)/($U$25) -> 0.38617004 | X20: =($U$25-U20)/($U$25) -> 0.34786679
A21: 0.95 | B21: 2 | C21: 2 | D21: 0.5 | E21: -0.15 | F21: 0 | G21: 0.67 | H21: 9.9989551 | I21: 10.329489 | J21: 9.7873721 | K21: 10.792695 | L21: 6.0444989 | M21: 6.0468241 | N21: 5.9907312 | O21: 6.2987561 | P21: 9902 | Q21: 5139 | R21: 9973 | S21: 4986 | T21: =(H21*P21+J21*R21)/(P21+R21) -> 9.8927857 | U21: =(I21*Q21+K21*S21)/(Q21+S21) -> 10.557592 | V21: =(H21*P21+I21*Q21+J21*R21+K21*S21)/(P21+Q21+R21+S21) -> 10.117158 | W21: =($U$25-T21)/($U$25) -> 0.3469464 | X21: =($U$25-U21)/($U$25) -> 0.30306047
A22: 0.95 | B22: 2 | C22: 2 | D22: 0.5 | E22: -0.15 | F22: 0 | G22: 0.5 | H22: 9.2022432 | I22: 10.000419 | J22: 9.0875645 | K22: 10.07249 | L22: 5.5871675 | M22: 5.6935427 | N22: 5.5302215 | O22: 5.7838841 | P22: 7410 | Q22: 7609 | R22: 7612 | S22: 7369 | T22: =(H22*P22+J22*R22)/(P22+R22) -> 9.1441328 | U22: =(I22*Q22+K22*S22)/(Q22+S22) -> 10.035877 | V22: =(H22*P22+I22*Q22+J22*R22+K22*S22)/(P22+Q22+R22+S22) -> 9.5893508 | W22: =($U$25-T22)/($U$25) -> 0.39636731 | X22: =($U$25-U22)/($U$25) -> 0.33750051
A23: 0.95 | B23: 2 | C23: 2 | D23: 0.5 | E23: -0.15 | F23: 0 | G23: 0.33 | H23: 9.4747697 | I23: 10.678574 | J23: 9.5705686 | K23: 10.957656 | L23: 5.8266719 | M23: 6.0362923 | N23: 5.8921933 | O23: 6.3151683 | P23: 4968 | Q23: 10040 | R23: 4840 | S23: 10152 | T23: =(H23*P23+J23*R23)/(P23+R23) -> 9.522044 | U23: =(I23*Q23+K23*S23)/(Q23+S23) -> 10.818889 | V23: =(H23*P23+I23*Q23+J23*R23+K23*S23)/(P23+Q23+R23+S23) -> 10.394907 | W23: =($U$25-T23)/($U$25) -> 0.37142021 | X23: =($U$25-U23)/($U$25) -> 0.28581146
A24: 0.95 | B24: 2 | C24: 2 | D24: 0.5 | E24: -0.15 | F24: 0 | G24: 0.17 | H24: 10.296591 | I24: 12.180518 | J24: 9.9189482 | K24: 12.79165 | L24: 6.313128 | M24: 7.0116455 | N24: 6.2041245 | O24: 7.5345641 | P24: 2669 | Q24: 12295 | R24: 2495 | S24: 12541 | T24: =(H24*P24+J24*R24)/(P24+R24) -> 10.114132 | U24: =(I24*Q24+K24*S24)/(Q24+S24) -> 12.489111 | V24: =(H24*P24+I24*Q24+J24*R24+K24*S24)/(P24+Q24+R24+S24) -> 12.080298 | W24: =($U$25-T24)/($U$25) -> 0.33233464 | X24: =($U$25-U24)/($U$25) -> 0.17555491
A25: 0.95 | B25: 2 | C25: 2 | D25: 0.5 | E25: -0.15 | F25: 0 | G25: 0 | H25: 0 | I25: 15.727406 | J25: 0 | K25: 14.557988 | L25: 0 | M25: 9.8046489 | N25: 0 | O25: 8.9587801 | P25: 0 | Q25: 15149 | R25: 0 | S25: 14851 | U25: =(I25*Q25+K25*S25)/(Q25+S25) -> 15.148505
A26: 0.67 | B26: 2 | C26: 2 | D26: 0.5 | E26: -0.15 | F26: 0 | G26: 1 | H26: 2.9083785 | I26: 0 | J26: 2.914786 | K26: 0 | L26: 1.2746611 | M26: 0 | N26: 1.2729531 | O26: 0 | P26: 15038 | Q26: 0 | R26: 14962 | S26: 0 | T26: =(H26*P26+J26*R26)/(P26+R26) -> 2.9115742 | V26: =(H26*P26+I26*Q26+J26*R26+K26*S26)/(P26+Q26+R26+S26) -> 2.9115742 | W26: =($U$32-T26)/($U$32) -> 0.25968868
A27: 0.67 | B27: 2 | C27: 2 | D27: 0.5 | E27: -0.15 | F27: 0 | G27: 0.83 | H27: 2.9071379 | I27: 3.3236805 | J27: 2.9116492 | K27: 3.2812796 | L27: 1.2971508 | M27: 1.4793351 | N27: 1.2951717 | O27: 1.4278526 | P27: 12471 | Q27: 2538 | R27: 12428 | S27: 2563 | T27: =(H27*P27+J27*R27)/(P27+R27) -> 2.9093896 | U27: =(I27*Q27+K27*S27)/(Q27+S27) -> 3.3023762 | V27: =(H27*P27+I27*Q27+J27*R27+K27*S27)/(P27+Q27+R27+S27) -> 2.9762104 | W27: =($U$32-T27)/($U$32) -> 0.26024413 | X27: =($U$32-U27)/($U$32) -> 0.16032143
A28: 0.67 | B28: 2 | C28: 2 | D28: 0.5 | E28: -0.15 | F28: 0 | G28: 0.67 | H28: 2.8941684 | I28: 3.3574515 | J28: 2.8877764 | K28: 3.3545987 | L28: 1.3214767 | M28: 1.5865201 | N28: 1.3046132 | O28: 1.5508135 | P28: 10003 | Q28: 5091 | R28: 9845 | S28: 5061 | T28: =(H28*P28+J28*R28)/(P28+R28) -> 2.8909978 | U28: =(I28*Q28+K28*S28)/(Q28+S28) -> 3.3560293 | V28: =(H28*P28+I28*Q28+J28*R28+K28*S28)/(P28+Q28+R28+S28) -> 3.0483645 | W28: =($U$32-T28)/($U$32) -> 0.26492052 | X28: =($U$32-U28)/($U$32) -> 0.14667931
A29: 0.67 | B29: 2 | C29: 2 | D29: 0.5 | E29: -0.15 | F29: 0 | G29: 0.5 | H29: 2.8562731 | I29: 3.4352242 | J29: 2.8744229 | K29: 3.4603823 | L29: 1.2682469 | M29: 1.6676544 | N29: 1.2691449 | O29: 1.6535623 | P29: 7605 | Q29: 7373 | R29: 7535 | S29: 7487 | T29: =(H29*P29+J29*R29)/(P29+R29) -> 2.865306 | U29: =(I29*Q29+K29*S29)/(Q29+S29) -> 3.4478998 | V29: =(H29*P29+I29*Q29+J29*R29+K29*S29)/(P29+Q29+R29+S29) -> 3.1538841 | W29: =($U$32-T29)/($U$32) -> 0.27145305 | X29: =($U$32-U29)/($U$32) -> 0.12331987
A30: 0.67 | B30: 2 | C30: 2 | D30: 0.5 | E30: -0.15 | F30: 0 | G30: 0.33 | H30: 2.8819216 | I30: 3.5880102 | J30: 2.9121364 | K30: 3.5961166 | L30: 1.3260655 | M30: 1.8473322 | N30: 1.3458218 | O30: 1.8640083 | P30: 5008 | Q30: 9970 | R30: 4927 | S30: 10095 | T30: =(H30*P30+J30*R30)/(P30+R30) -> 2.8969059 | U30: =(I30*Q30+K30*S30)/(Q30+S30) -> 3.5920887 | V30: =(H30*P30+I30*Q30+J30*R30+K30*S30)/(P30+Q30+R30+S30) -> 3.3618673 | W30: =($U$32-T30)/($U$32) -> 0.26341832 | X30: =($U$32-U30)/($U$32) -> 0.086657684
A31: 0.67 | B31: 2 | C31: 2 | D31: 0.5 | E31: -0.15 | F31: 0 | G31: 0.17 | H31: 2.8194536 | I31: 3.6393945 | J31: 2.799715 | K31: 3.655102 | L31: 1.2431327 | M31: 1.9695739 | N31: 1.2111497 | O31: 1.9715289 | P31: 2611 | Q31: 12339 | R31: 2503 | S31: 12547 | T31: =(H31*P31+J31*R31)/(P31+R31) -> 2.8097927 | U31: =(I31*Q31+K31*S31)/(Q31+S31) -> 3.6473139 | V31: =(H31*P31+I31*Q31+J31*R31+K31*S31)/(P31+Q31+R31+S31) -> 3.5045444 | W31: =($U$32-T31)/($U$32) -> 0.28556815 | X31: =($U$32-U31)/($U$32) -> 0.072615845
A32: 0.67 | B32: 2 | C32: 2 | D32: 0.5 | E32: -0.15 | F32: 0 | G32: 0 | H32: 0 | I32: 4.053026 | J32: 0 | K32: 3.8087454 | L32: 0 | M32: 2.5592495 | N32: 0 | O32: 2.2687806 | P32: 0 | Q32: 15248 | R32: 0 | S32: 14752 | U32: =(I32*Q32+K32*S32)/(Q32+S32) -> 3.9329051
A33: 0.5 | B33: 2 | C33: 2 | D33: 0.5 | E33: -0.15 | F33: 0 | G33: 1 | H33: 2.4264203 | I33: 0 | J33: 2.4226525 | K33: 0 | L33: 0.82390855 | M33: 0 | N33: 0.81267409 | O33: 0 | P33: 15053 | Q33: 0 | R33: 14947 | S33: 0 | T33: =(H33*P33+J33*R33)/(P33+R33) -> 2.4245431 | V33: =(H33*P33+I33*Q33+J33*R33+K33*S33)/(P33+Q33+R33+S33) -> 2.4245431 | W33: =($U$39-T33)/($U$39) -> 0.19070977
A34: 0.5 | B34: 2 | C34: 2 | D34: 0.5 | E34: -0.15 | F34: 0 | G34: 0.83 | H34: 2.4175809 | I34: 2.7646736 | J34: 2.4146862 | K34: 2.7479881 | L34: 0.81575665 | M34: 1.0740898 | N34: 0.81838892 | O34: 1.0541538 | P34: 12517 | Q34: 2496 | R34: 12446 | S34: 2541 | T34: =(H34*P34+J34*R34)/(P34+R34) -> 2.4161376 | U34: =(I34*Q34+K34*S34)/(Q34+S34) -> 2.7562563 | V34: =(H34*P34+I34*Q34+J34*R34+K34*S34)/(P34+Q34+R34+S34) -> 2.4732436 | W34: =($U$39-T34)/($U$39) -> 0.19351543 | X34: =($U$39-U34)/($U$39) -> 0.07998693
A35: 0.5 | B35: 2 | C35: 2 | D35: 0.5 | E35: -0.15 | F35: 0 | G35: 0.67 | H35: 2.4009932 | I35: 2.7399852 | J35: 2.4150458 | K35: 2.797239 | L35: 0.79879004 | M35: 1.0652833 | N35: 0.81959913 | O35: 1.1142148 | P35: 10010 | Q35: 4925 | R35: 10088 | S35: 4977 | T35: =(H35*P35+J35*R35)/(P35+R35) -> 2.4080467 | U35: =(I35*Q35+K35*S35)/(Q35+S35) -> 2.7687624 | V35: =(H35*P35+I35*Q35+J35*R35+K35*S35)/(P35+Q35+R35+S35) -> 2.527107 | W35: =($U$39-T35)/($U$39) -> 0.1962161 | X35: =($U$39-U35)/($U$39) -> 0.075812504
A36: 0.5 | B36: 2 | C36: 2 | D36: 0.5 | E36: -0.15 | F36: 0 | G36: 0.5 | H36: 2.3907562 | I36: 2.7771487 | J36: 2.3910381 | K36: 2.8191506 | L36: 0.78655358 | M36: 1.1169052 | N36: 0.79158262 | O36: 1.1604049 | P36: 7595 | Q36: 7368 | R36: 7594 | S36: 7443 | T36: =(H36*P36+J36*R36)/(P36+R36) -> 2.3908972 | U36: =(I36*Q36+K36*S36)/(Q36+S36) -> 2.798256 | V36: =(H36*P36+I36*Q36+J36*R36+K36*S36)/(P36+Q36+R36+S36) -> 2.5920102 | W36: =($U$39-T36)/($U$39) -> 0.20194047 | X36: =($U$39-U36)/($U$39) -> 0.065967824
A37: 0.5 | B37: 2 | C37: 2 | D37: 0.5 | E37: -0.15 | F37: 0 | G37: 0.33 | H37: 2.3963168 | I37: 2.8657032 | J37: 2.3675229 | K37: 2.8644271 | L37: 0.8067439 | M37: 1.2310727 | N37: 0.76202924 | O37: 1.2484459 | P37: 5015 | Q37: 10062 | R37: 4860 | S37: 10063 | T37: =(H37*P37+J37*R37)/(P37+R37) -> 2.3821458 | U37: =(I37*Q37+K37*S37)/(Q37+S37) -> 2.8650651 | V37: =(H37*P37+I37*Q37+J37*R37+K37*S37)/(P37+Q37+R37+S37) -> 2.7061042 | W37: =($U$39-T37)/($U$39) -> 0.20486158 | X37: =($U$39-U37)/($U$39) -> 0.043667552
A38: 0.5 | B38: 2 | C38: 2 | D38: 0.5 | E38: -0.15 | F38: 0 | G38: 0.17 | H38: 2.3706272 | I38: 2.9034392 | J38: 2.3724021 | K38: 2.8473037 | L38: 0.75412705 | M38: 1.369245 | N38: 0.78305948 | O38: 1.2551017 | P38: 2568 | Q38: 12498 | R38: 2553 | S38: 12381 | T38: =(H38*P38+J38*R38)/(P38+R38) -> 2.371512 | U38: =(I38*Q38+K38*S38)/(Q38+S38) -> 2.8755035 | V38: =(H38*P38+I38*Q38+J38*R38+K38*S38)/(P38+Q38+R38+S38) -> 2.7894721 | W38: =($U$39-T38)/($U$39) -> 0.20841104 | X38: =($U$39-U38)/($U$39) -> 0.040183328
A39: 0.5 | B39: 2 | C39: 2 | D39: 0.5 | E39: -0.15 | F39: 0 | G39: 0 | H39: 0 | I39: 2.9771219 | J39: 0 | K39: 3.0144803 | L39: 0 | M39: 1.5298791 | N39: 0 | O39: 1.5480581 | P39: 0 | Q39: 14930 | R39: 0 | S39: 15070 | U39: =(I39*Q39+K39*S39)/(Q39+S39) -> 2.9958882
A40: 1.05 | B40: 2 | C40: 2 | D40: 0.5 | E40: -0.15 | F40: 0 | G40: 1 | H40: 31.632206 | I40: 0 | J40: 31.646424 | K40: 0 | L40: 16.62119 | M40: 0 | N40: 16.602375 | O40: 0 | P40: 15012 | Q40: 0 | R40: 14988 | S40: 0 | T40: =(H40*P40+J40*R40)/(P40+R40) -> 31.63931 | V40: =(H40*P40+I40*Q40+J40*R40+K40*S40)/(P40+Q40+R40+S40) -> 31.63931 | W40: =($U$46-T40)/($U$46) -> 0.15549766
A41: 1.05 | B41: 2 | C41: 2 | D41: 0.5 | E41: -0.15 | F41: 0 | G41: 0.83 | H41: 37.580045 | I41: 37.962618 | J41: 37.474904 | K41: 38.113741 | L41: 19.129896 | M41: 19.780879 | N41: 19.189592 | O41: 18.848378 | P41: 12431 | Q41: 2560 | R41: 12485 | S41: 2524 | T41: =(H41*P41+J41*R41)/(P41+R41) -> 37.527361 | U41: =(I41*Q41+K41*S41)/(Q41+S41) -> 38.037644 | V41: =(H41*P41+I41*Q41+J41*R41+K41*S41)/(P41+Q41+R41+S41) -> 37.613837 | W41: =($U$46-T41)/($U$46) -> -0.001663568 | X41: =($U$46-U41)/($U$46) -> -0.015283835
A42: 1.05 | B42: 2 | C42: 2 | D42: 0.5 | E42: -0.15 | F42: 0 | G42: 0.67 | H42: 30.622027 | I42: 31.268922 | J42: 30.499427 | K42: 31.56058 | L42: 16.278391 | M42: 16.442894 | N42: 16.191675 | O42: 16.545427 | P42: 10152 | Q42: 4848 | R42: 10060 | S42: 4940 | T42: =(H42*P42+J42*R42)/(P42+R42) -> 30.561006 | U42: =(I42*Q42+K42*S42)/(Q42+S42) -> 31.416122 | V42: =(H42*P42+I42*Q42+J42*R42+K42*S42)/(P42+Q42+R42+S42) -> 30.840002 | W42: =($U$46-T42)/($U$46) -> 0.18427926 | X42: =($U$46-U42)/($U$46) -> 0.16145489
A43: 1.05 | B43: 2 | C43: 2 | D43: 0.5 | E43: -0.15 | F43: 0 | G43: 0.5 | H43: 29.134232 | I43: 30.492277 | J43: 28.97107 | K43: 30.709967 | L43: 16.877793 | M43: 16.968398 | N43: 16.708746 | O43: 17.065129 | P43: 7426 | Q43: 7595 | R43: 7459 | S43: 7520 | T43: =(H43*P43+J43*R43)/(P43+R43) -> 29.05247 | U43: =(I43*Q43+K43*S43)/(Q43+S43) -> 30.600582 | V43: =(H43*P43+I43*Q43+J43*R43+K43*S43)/(P43+Q43+R43+S43) -> 29.83246 | W43: =($U$46-T43)/($U$46) -> 0.22454443 | X43: =($U$46-U43)/($U$46) -> 0.18322293
A44: 1.05 | B44: 2 | C44: 2 | D44: 0.5 | E44: -0.15 | F44: 0 | G44: 0.33 | H44: 33.075963 | I44: 34.467854 | J44: 32.923293 | K44: 34.51954 | L44: 16.130449 | M44: 16.548422 | N44: 16.076369 | O44: 16.489972 | P44: 4970 | Q44: 10037 | R44: 4996 | S44: 9997 | T44: =(H44*P44+J44*R44)/(P44+R44) -> 32.999429 | U44: =(I44*Q44+K44*S44)/(Q44+S44) -> 34.493646 | V44: =(H44*P44+I44*Q44+J44*R44+K44*S44)/(P44+Q44+R44+S44) -> 33.997267 | W44: =($U$46-T44)/($U$46) -> 0.11919396 | X44: =($U$46-U44)/($U$46) -> 0.079310999
A45: 1.05 | B45: 2 | C45: 2 | D45: 0.5 | E45: -0.15 | F45: 0 | G45: 0.17 | H45: 30.505296 | I45: 33.768239 | J45: 31.269679 | K45: 34.016044 | L45: 16.652551 | M45: 18.416651 | N45: 17.913758 | O45: 18.574189 | P45: 2595 | Q45: 12418 | R45: 2429 | S45: 12558 | T45: =(H45*P45+J45*R45)/(P45+R45) -> 30.874859 | U45: =(I45*Q45+K45*S45)/(Q45+S45) -> 33.892836 | V45: =(H45*P45+I45*Q45+J45*R45+K45*S45)/(P45+Q45+R45+S45) -> 33.387426 | W45: =($U$46-T45)/($U$46) -> 0.17590203 | X45: =($U$46-U45)/($U$46) -> 0.095347539
A46: 1.05 | B46: 2 | C46: 2 | D46: 0.5 | E46: -0.15 | F46: 0 | G46: 0 | H46: 0 | I46: 33.607539 | J46: 0 | K46: 41.241107 | L46: 0 | M46: 18.198291 | N46: 0 | O46: 23.417129 | P46: 0 | Q46: 14840 | R46: 0 | S46: 15160 | U46: =(I46*Q46+K46*S46)/(Q46+S46) -> 37.465035
A47: 1 | B47: 2 | C47: 2 | D47: 0.5 | E47: -0.15 | F47: 0 | G47: 1 | H47: 23.215414 | I47: 0 | J47: 23.242277 | K47: 0 | L47: 11.721294 | M47: 0 | N47: 11.651069 | O47: 0 | P47: 15014 | Q47: 0 | R47: 14986 | S47: 0 | T47: =(H47*P47+J47*R47)/(P47+R47) -> 23.228833 | V47: =(H47*P47+I47*Q47+J47*R47+K47*S47)/(P47+Q47+R47+S47) -> 23.228833 | W47: =($U$53-T47)/($U$53) -> 0.044857673
A48: 1 | B48: 2 | C48: 2 | D48: 0.5 | E48: -0.15 | F48: 0 | G48: 0.83 | H48: 18.358312 | I48: 19.166415 | J48: 18.372416 | K48: 19.185343 | L48: 9.2607179 | M48: 9.4381826 | N48: 9.2414547 | O48: 9.3206388 | P48: 12458 | Q48: 2550 | R48: 12353 | S48: 2639 | T48: =(H48*P48+J48*R48)/(P48+R48) -> 18.365334 | U48: =(I48*Q48+K48*S48)/(Q48+S48) -> 19.176041 | V48: =(H48*P48+I48*Q48+J48*R48+K48*S48)/(P48+Q48+R48+S48) -> 18.505559 | W48: =($U$53-T48)/($U$53) -> 0.24483903 | X48: =($U$53-U48)/($U$53) -> 0.2115037
A49: 1 | B49: 2 | C49: 2 | D49: 0.5 | E49: -0.15 | F49: 0 | G49: 0.67 | H49: 16.205654 | I49: 17.256568 | J49: 16.248724 | K49: 17.281214 | L49: 8.8699079 | M49: 8.8850986 | N49: 8.8427927 | O49: 8.8736462 | P49: 10096 | Q49: 4909 | R49: 9982 | S49: 5013 | T49: =(H49*P49+J49*R49)/(P49+R49) -> 16.227067 | U49: =(I49*Q49+K49*S49)/(Q49+S49) -> 17.26902 | V49: =(H49*P49+I49*Q49+J49*R49+K49*S49)/(P49+Q49+R49+S49) -> 16.571676 | W49: =($U$53-T49)/($U$53) -> 0.33276207 | X49: =($U$53-U49)/($U$53) -> 0.28991817
A50: 1 | B50: 2 | C50: 2 | D50: 0.5 | E50: -0.15 | F50: 0 | G50: 0.5 | H50: 19.439302 | I50: 20.320515 | J50: 19.383028 | K50: 20.444632 | L50: 11.245381 | M50: 11.389376 | N50: 11.375585 | O50: 11.282417 | P50: 7554 | Q50: 7457 | R50: 7488 | S50: 7501 | T50: =(H50*P50+J50*R50)/(P50+R50) -> 19.411288 | U50: =(I50*Q50+K50*S50)/(Q50+S50) -> 20.382756 | V50: =(H50*P50+I50*Q50+J50*R50+K50*S50)/(P50+Q50+R50+S50) -> 19.895662 | W50: =($U$53-T50)/($U$53) -> 0.20183061 | X50: =($U$53-U50)/($U$53) -> 0.16188502
A51: 1 | B51: 2 | C51: 2 | D51: 0.5 | E51: -0.15 | F51: 0 | G51: 0.33 | H51: 21.574467 | I51: 22.861551 | J51: 21.327467 | K51: 23.039324 | L51: 11.813338 | M51: 12.265036 | N51: 11.745803 | O51: 12.190515 | P51: 4928 | Q51: 10070 | R51: 4953 | S51: 10049 | T51: =(H51*P51+J51*R51)/(P51+R51) -> 21.450655 | U51: =(I51*Q51+K51*S51)/(Q51+S51) -> 22.950345 | V51: =(H51*P51+I51*Q51+J51*R51+K51*S51)/(P51+Q51+R51+S51) -> 22.456397 | W51: =($U$53-T51)/($U$53) -> 0.11797427 | X51: =($U$53-U51)/($U$53) -> 0.056308767
A52: 1 | B52: 2 | C52: 2 | D52: 0.5 | E52: -0.15 | F52: 0 | G52: 0.17 | H52: 17.089069 | I52: 18.923767 | J52: 16.430343 | K52: 19.655472 | L52: 9.0543127 | M52: 9.8480001 | N52: 8.9669751 | O52: 10.262712 | P52: 2683 | Q52: 12354 | R52: 2416 | S52: 12547 | T52: =(H52*P52+J52*R52)/(P52+R52) -> 16.776953 | U52: =(I52*Q52+K52*S52)/(Q52+S52) -> 19.292455 | V52: =(H52*P52+I52*Q52+J52*R52+K52*S52)/(P52+Q52+R52+S52) -> 18.864903 | W52: =($U$53-T52)/($U$53) -> 0.31015141 | X52: =($U$53-U52)/($U$53) -> 0.2067169
A53: 1 | B53: 2 | C53: 2 | D53: 0.5 | E53: -0.15 | F53: 0 | G53: 0 | H53: 0 | I53: 22.518123 | J53: 0 | K53: 26.113488 | L53: 0 | M53: 13.536657 | N53: 0 | O53: 14.561715 | P53: 0 | Q53: 14967 | R53: 0 | S53: 15033 | U53: =(I53*Q53+K53*S53)/(Q53+S53) -> 24.319761
A54: 0.95 | B54: 2 | C54: 2 | D54: 0.5 | E54: -0.15 | F54: 0 | G54: 1 | H54: 9.4604439 | I54: 0 | J54: 9.4978407 | K54: 0 | L54: 5.905821 | M54: 0 | N54: 5.9210937 | O54: 0 | P54: 15042 | Q54: 0 | R54: 14958 | S54: 0 | T54: =(H54*P54+J54*R54)/(P54+R54) -> 9.47909 | V54: =(H54*P54+I54*Q54+J54*R54+K54*S54)/(P54+Q54+R54+S54) -> 9.47909 | W54: =($U$60-T54)/($U$60) -> 0.40850727
A55: 0.95 | B55: 2 | C55: 2 | D55: 0.5 | E55: -0.15 | F55: 0 | G55: 0.83 | H55: 9.3176251 | I55: 10.098312 | J55: 9.3706572 | K55: 10.139301 | L55: 5.4621942 | M55: 5.6079165 | N55: 5.4901063 | O55: 5.5824634 | P55: 12560 | Q55: 2452 | R55: 12452 | S55: 2536 | T55: =(H55*P55+J55*R55)/(P55+R55) -> 9.3440267 | U55: =(I55*Q55+K55*S55)/(Q55+S55) -> 10.119152 | V55: =(H55*P55+I55*Q55+J55*R55+K55*S55)/(P55+Q55+R55+S55) -> 9.4729042 | W55: =($U$60-T55)/($U$60) -> 0.41693518 | X55: =($U$60-U55)/($U$60) -> 0.36856756
A56: 0.95 | B56: 2 | C56: 2 | D56: 0.5 | E56: -0.15 | F56: 0 | G56: 0.67 | H56: 9.8507675 | I56: 10.563222 | J56: 9.7978358 | K56: 10.762991 | L56: 6.2737602 | M56: 6.3454476 | N56: 6.2344547 | O56: 6.3706161 | P56: 10190 | Q56: 4862 | R56: 10018 | S56: 4930 | T56: =(H56*P56+J56*R56)/(P56+R56) -> 9.8245269 | U56: =(I56*Q56+K56*S56)/(Q56+S56) -> 10.6638 | V56: =(H56*P56+I56*Q56+J56*R56+K56*S56)/(P56+Q56+R56+S56) -> 10.098466 | W56: =($U$60-T56)/($U$60) -> 0.38695209 | X56: =($U$60-U56)/($U$60) -> 0.33458166
A57: 0.95 | B57: 2 | C57: 2 | D57: 0.5 | E57: -0.15 | F57: 0 | G57: 0.5 | H57: 9.1642322 | I57: 10.056775 | J57: 9.0605143 | K57: 10.145438 | L57: 5.7650108 | M57: 6.0271284 | N57: 5.7605828 | O57: 5.9486703 | P57: 7406 | Q57: 7601 | R57: 7461 | S57: 7532 | T57: =(H57*P57+J57*R57)/(P57+R57) -> 9.1121814 | U57: =(I57*Q57+K57*S57)/(Q57+S57) -> 10.100904 | V57: =(H57*P57+I57*Q57+J57*R57+K57*S57)/(P57+Q57+R57+S57) -> 9.6109262 | W57: =($U$60-T57)/($U$60) -> 0.43140226 | X57: =($U$60-U57)/($U$60) -> 0.36970621
A58: 0.95 | B58: 2 | C58: 2 | D58: 0.5 | E58: -0.15 | F58: 0 | G58: 0.33 | H58: 9.6636204 | I58: 11.125985 | J58: 9.9628101 | K58: 11.026709 | L58: 5.9192262 | M58: 6.5216755 | N58: 5.9880346 | O58: 6.1846454 | P58: 5060 | Q58: 9953 | R58: 5076 | S58: 9911 | T58: =(H58*P58+J58*R58)/(P58+R58) -> 9.8134514 | U58: =(I58*Q58+K58*S58)/(Q58+S58) -> 11.076452 | V58: =(H58*P58+I58*Q58+J58*R58+K58*S58)/(P58+Q58+R58+S58) -> 10.649726 | W58: =($U$60-T58)/($U$60) -> 0.3876432 | X58: =($U$60-U58)/($U$60) -> 0.30883229
A59: 0.95 | B59: 2 | C59: 2 | D59: 0.5 | E59: -0.15 | F59: 0 | G59: 0.17 | H59: 8.9613624 | I59: 11.245938 | J59: 8.970829 | K59: 11.087902 | L59: 5.639448 | M59: 6.7844363 | N59: 5.6295388 | O59: 6.4365588 | P59: 2560 | Q59: 12427 | R59: 2527 | S59: 12486 | T59: =(H59*P59+J59*R59)/(P59+R59) -> 8.966065 | U59: =(I59*Q59+K59*S59)/(Q59+S59) -> 11.166733 | V59: =(H59*P59+I59*Q59+J59*R59+K59*S59)/(P59+Q59+R59+S59) -> 10.793573 | W59: =($U$60-T59)/($U$60) -> 0.44051989 | X59: =($U$60-U59)/($U$60) -> 0.30319879
A60: 0.95 | B60: 2 | C60: 2 | D60: 0.5 | E60: -0.15 | F60: 0 | G60: 0 | H60: 0 | I60: 16.24879 | J60: 0 | K60: 15.801673 | L60: 0 | M60: 9.7597891 | N60: 0 | O60: 9.569405 | P60: 0 | Q60: 15032 | R60: 0 | S60: 14968 | U60: =(I60*Q60+K60*S60)/(Q60+S60) -> 16.025708
A61: 0.67 | B61: 2 | C61: 2 | D61: 0.5 | E61: -0.15 | F61: 0 | G61: 1 | H61: 2.8897498 | I61: 0 | J61: 2.9042625 | K61: 0 | L61: 1.2728185 | M61: 0 | N61: 1.2774074 | O61: 0 | P61: 15012 | Q61: 0 | R61: 14988 | S61: 0 | T61: =(H61*P61+J61*R61)/(P61+R61) -> 2.8970004 | V61: =(H61*P61+I61*Q61+J61*R61+K61*S61)/(P61+Q61+R61+S61) -> 2.8970004 | W61: =($U$67-T61)/($U$67) -> 0.27120996
A62: 0.67 | B62: 2 | C62: 2 | D62: 0.5 | E62: -0.15 | F62: 0 | G62: 0.83 | H62: 2.9508099 | I62: 3.3336766 | J62: 2.9410087 | K62: 3.3000416 | L62: 1.3648885 | M62: 1.4968609 | N62: 1.3514852 | O62: 1.5324218 | P62: 12506 | Q62: 2483 | R62: 12479 | S62: 2532 | T62: =(H62*P62+J62*R62)/(P62+R62) -> 2.9459146 | U62: =(I62*Q62+K62*S62)/(Q62+S62) -> 3.3166948 | V62: =(H62*P62+I62*Q62+J62*R62+K62*S62)/(P62+Q62+R62+S62) -> 3.0078967 | W62: =($U$67-T62)/($U$67) -> 0.25890474 | X62: =($U$67-U62)/($U$67) -> 0.16562864
A63: 0.67 | B63: 2 | C63: 2 | D63: 0.5 | E63: -0.15 | F63: 0 | G63: 0.67 | H63: 2.8904238 | I63: 3.358092 | J63: 2.8714802 | K63: 3.3074503 | L63: 1.3131228 | M63: 1.552186 | N63: 1.2950237 | O63: 1.5186508 | P63: 9978 | Q63: 5017 | R63: 10108 | S63: 4897 | T63: =(H63*P63+J63*R63)/(P63+R63) -> 2.8808907 | U63: =(I63*Q63+K63*S63)/(Q63+S63) -> 3.3330776 | V63: =(H63*P63+I63*Q63+J63*R63+K63*S63)/(P63+Q63+R63+S63) -> 3.0303234 | W63: =($U$67-T63)/($U$67) -> 0.27526263 | X63: =($U$67-U63)/($U$67) -> 0.16150725
A64: 0.67 | B64: 2 | C64: 2 | D64: 0.5 | E64: -0.15 | F64: 0 | G64: 0.5 | H64: 2.9092228 | I64: 3.4801647 | J64: 2.894266 | K64: 3.4498111 | L64: 1.3231371 | M64: 1.6880369 | N64: 1.2949172 | O64: 1.6403563 | P64: 7402 | Q64: 7618 | R64: 7526 | S64: 7454 | T64: =(H64*P64+J64*R64)/(P64+R64) -> 2.9016823 | U64: =(I64*Q64+K64*S64)/(Q64+S64) -> 3.4651531 | V64: =(H64*P64+I64*Q64+J64*R64+K64*S64)/(P64+Q64+R64+S64) -> 3.18477 | W64: =($U$67-T64)/($U$67) -> 0.27003214 | X64: =($U$67-U64)/($U$67) -> 0.12828142
A65: 0.67 | B65: 2 | C65: 2 | D65: 0.5 | E65: -0.15 | F65: 0 | G65: 0.33 | H65: 2.8364164 | I65: 3.5611914 | J65: 2.8688112 | K65: 3.5112275 | L65: 1.2842021 | M65: 1.7982722 | N65: 1.295492 | O65: 1.7684405 | P65: 4791 | Q65: 10228 | R65: 4923 | S65: 10058 | T65: =(H65*P65+J65*R65)/(P65+R65) -> 2.8528339 | U65: =(I65*Q65+K65*S65)/(Q65+S65) -> 3.5364188 | V65: =(H65*P65+I65*Q65+J65*R65+K65*S65)/(P65+Q65+R65+S65) -> 3.315074 | W65: =($U$67-T65)/($U$67) -> 0.28232078 | X65: =($U$67-U65)/($U$67) -> 0.11035331
A66: 0.67 | B66: 2 | C66: 2 | D66: 0.5 | E66: -0.15 | F66: 0 | G66: 0.17 | H66: 2.846811 | I66: 3.7978535 | J66: 2.8070309 | K66: 3.6621503 | L66: 1.304484 | M66: 2.192575 | N66: 1.2537688 | O66: 1.9907107 | P66: 2616 | Q66: 12499 | R66: 2472 | S66: 12413 | T66: =(H66*P66+J66*R66)/(P66+R66) -> 2.8274839 | U66: =(I66*Q66+K66*S66)/(Q66+S66) -> 3.7302362 | V66: =(H66*P66+I66*Q66+J66*R66+K66*S66)/(P66+Q66+R66+S66) -> 3.5771294 | W66: =($U$67-T66)/($U$67) -> 0.28869802 | X66: =($U$67-U66)/($U$67) -> 0.061595224
A67: 0.67 | B67: 2 | C67: 2 | D67: 0.5 | E67: -0.15 | F67: 0 | G67: 0 | H67: 0 | I67: 3.9604935 | J67: 0 | K67: 3.9896419 | L67: 0 | M67: 2.4661602 | N67: 0 | O67: 2.5038609 | P67: 0 | Q67: 14985 | R67: 0 | S67: 15015 | U67: =(I67*Q67+K67*S67)/(Q67+S67) -> 3.9750822
A68: 0.5 | B68: 2 | C68: 2 | D68: 0.5 | E68: -0.15 | F68: 0 | G68: 1 | H68: 2.4175682 | I68: 0 | J68: 2.4163357 | K68: 0 | L68: 0.8038924 | M68: 0 | N68: 0.79519524 | O68: 0 | P68: 15012 | Q68: 0 | R68: 14988 | S68: 0 | T68: =(H68*P68+J68*R68)/(P68+R68) -> 2.4169524 | V68: =(H68*P68+I68*Q68+J68*R68+K68*S68)/(P68+Q68+R68+S68) -> 2.4169524 | W68: =($U$74-T68)/($U$74) -> 0.19435017
A69: 0.5 | B69: 2 | C69: 2 | D69: 0.5 | E69: -0.15 | F69: 0 | G69: 0.83 | H69: 2.3936493 | I69: 2.7189321 | J69: 2.3936955 | K69: 2.7454205 | L69: 0.7679254 | M69: 0.98659703 | N69: 0.76984676 | O69: 0.98661353 | P69: 12409 | Q69: 2576 | R69: 12468 | S69: 2547 | T69: =(H69*P69+J69*R69)/(P69+R69) -> 2.3936725 | U69: =(I69*Q69+K69*S69)/(Q69+S69) -> 2.7321014 | V69: =(H69*P69+I69*Q69+J69*R69+K69*S69)/(P69+Q69+R69+S69) -> 2.4514648 | W69: =($U$74-T69)/($U$74) -> 0.20211014 | X69: =($U$74-U69)/($U$74) -> 0.089300653
A70: 0.5 | B70: 2 | C70: 2 | D70: 0.5 | E70: -0.15 | F70: 0 | G70: 0.67 | H70: 2.4091448 | I70: 2.765761 | J70: 2.417104 | K70: 2.778628 | L70: 0.79919996 | M70: 1.1025887 | N70: 0.81524347 | O70: 1.0750725 | P70: 10065 | Q70: 4934 | R70: 10110 | S70: 4891 | T70: =(H70*P70+J70*R70)/(P70+R70) -> 2.4131333 | U70: =(I70*Q70+K70*S70)/(Q70+S70) -> 2.7721663 | V70: =(H70*P70+I70*Q70+J70*R70+K70*S70)/(P70+Q70+R70+S70) -> 2.5307166 | W70: =($U$74-T70)/($U$74) -> 0.19562322 | X70: =($U$74-U70)/($U$74) -> 0.075945679
A71: 0.5 | B71: 2 | C71: 2 | D71: 0.5 | E71: -0.15 | F71: 0 | G71: 0.5 | H71: 2.3885904 | I71: 2.7981099 | J71: 2.3990862 | K71: 2.7825289 | L71: 0.78411125 | M71: 1.137453 | N71: 0.79237597 | O71: 1.1093417 | P71: 7563 | Q71: 7434 | R71: 7439 | S71: 7564 | T71: =(H71*P71+J71*R71)/(P71+R71) -> 2.3937949 | U71: =(I71*Q71+K71*S71)/(Q71+S71) -> 2.7902519 | V71: =(H71*P71+I71*Q71+J71*R71+K71*S71)/(P71+Q71+R71+S71) -> 2.591997 | W71: =($U$74-T71)/($U$74) -> 0.20206932 | X71: =($U$74-U71)/($U$74) -> 0.069917177
A72: 0.5 | B72: 2 | C72: 2 | D72: 0.5 | E72: -0.15 | F72: 0 | G72: 0.33 | H72: 2.3801648 | I72: 2.8730775 | J72: 2.409447 | K72: 2.8642775 | L72: 0.78039445 | M72: 1.2821118 | N72: 0.8119229 | O72: 1.2625402 | P72: 5060 | Q72: 10010 | R72: 4909 | S72: 10021 | T72: =(H72*P72+J72*R72)/(P72+R72) -> 2.3945841 | U72: =(I72*Q72+K72*S72)/(Q72+S72) -> 2.8686751 | V72: =(H72*P72+I72*Q72+J72*R72+K72*S72)/(P72+Q72+R72+S72) -> 2.7111347 | W72: =($U$74-T72)/($U$74) -> 0.20180625 | X72: =($U$74-U72)/($U$74) -> 0.043776125
A73: 0.5 | B73: 2 | C73: 2 | D73: 0.5 | E73: -0.15 | F73: 0 | G73: 0.17 | H73: 2.3621176 | I73: 2.9497566 | J73: 2.3536345 | K73: 2.8839088 | L73: 0.76337022 | M73: 1.418854 | N73: 0.76737394 | O73: 1.3103143 | P73: 2590 | Q73: 12356 | R73: 2583 | S73: 12471 | T73: =(H73*P73+J73*R73)/(P73+R73) -> 2.3578818 | U73: =(I73*Q73+K73*S73)/(Q73+S73) -> 2.9166802 | V73: =(H73*P73+I73*Q73+J73*R73+K73*S73)/(P73+Q73+R73+S73) -> 2.8203247 | W73: =($U$74-T73)/($U$74) -> 0.21404037 | X73: =($U$74-U73)/($U$74) -> 0.02777444
A74: 0.5 | B74: 2 | C74: 2 | D74: 0.5 | E74: -0.15 | F74: 0 | G74: 0 | H74: 0 | I74: 3.0017381 | J74: 0 | K74: 2.9982914 | L74: 0 | M74: 1.4853721 | N74: 0 | O74: 1.4909518 | P74: 0 | Q74: 14903 | R74: 0 | S74: 15097 | U74: =(I74*Q74+K74*S74)/(Q74+S74) -> 3.0000036 | V74: =(H74*P74+I74*Q74+J74*R74+K74*S74)/(P74+Q74+R74+S74) -> 3.0000036
A75: 0.95 | B75: 2 | C75: 2 | D75: 0.5 | E75: -0.15 | F75: 0 | G75: 1 | H75: 10.44009 | I75: 0 | J75: 10.470651 | K75: 0 | L75: 6.4425356 | M75: 0 | N75: 6.4733572 | O75: 0 | P75: 15043 | Q75: 0 | R75: 14957 | S75: 0 | T75: =(H75*P75+J75*R75)/(P75+R75) -> 10.455327 | V75: =(H75*P75+I75*Q75+J75*R75+K75*S75)/(P75+Q75+R75+S75) -> 10.455327 | W75: =($U$81-T75)/($U$81) -> 0.23247379
A76: 0.95 | B76: 2 | C76: 2 | D76: 0.5 | E76: -0.15 | F76: 0 | G76: 0.83 | H76: 11.321607 | I76: 11.936523 | J76: 11.305994 | K76: 12.039711 | L76: 6.7322099 | M76: 6.6745066 | N76: 6.7760009 | O76: 6.6292561 | P76: 12511 | Q76: 2487 | R76: 12530 | S76: 2472 | T76: =(H76*P76+J76*R76)/(P76+R76) -> 11.313795 | U76: =(I76*Q76+K76*S76)/(Q76+S76) -> 11.987961 | V76: =(H76*P76+I76*Q76+J76*R76+K76*S76)/(P76+Q76+R76+S76) -> 11.425234 | W76: =($U$81-T76)/($U$81) -> 0.16945361 | X76: =($U$81-U76)/($U$81) -> 0.11996302
A77: 0.95 | B77: 2 | C77: 2 | D77: 0.5 | E77: -0.15 | F77: 0 | G77: 0.67 | H77: 9.7493146 | I77: 10.66624 | J77: 9.9311611 | K77: 10.312922 | L77: 6.0556918 | M77: 6.2637887 | N77: 6.1428331 | O77: 6.0667013 | P77: 10027 | Q77: 4993 | R77: 10040 | S77: 4940 | T77: =(H77*P77+J77*R77)/(P77+R77) -> 9.8402968 | U77: =(I77*Q77+K77*S77)/(Q77+S77) -> 10.490523 | V77: =(H77*P77+I77*Q77+J77*R77+K77*S77)/(P77+Q77+R77+S77) -> 10.055587 | W77: =($U$81-T77)/($U$81) -> 0.27762318 | X77: =($U$81-U77)/($U$81) -> 0.22989
A78: 0.95 | B78: 2 | C78: 2 | D78: 0.5 | E78: -0.15 | F78: 0 | G78: 0.5 | H78: 8.8626523 | I78: 9.7616593 | J78: 8.953695 | K78: 9.7521245 | L78: 6.0003797 | M78: 6.1340719 | N78: 6.0408849 | O78: 6.0898461 | P78: 7472 | Q78: 7527 | R78: 7507 | S78: 7494 | T78: =(H78*P78+J78*R78)/(P78+R78) -> 8.90828 | U78: =(I78*Q78+K78*S78)/(Q78+S78) -> 9.7569023 | V78: =(H78*P78+I78*Q78+J78*R78+K78*S78)/(P78+Q78+R78+S78) -> 9.3331852 | W78: =($U$81-T78)/($U$81) -> 0.34604259 | X78: =($U$81-U78)/($U$81) -> 0.28374517
A79: 0.95 | B79: 2 | C79: 2 | D79: 0.5 | E79: -0.15 | F79: 0 | G79: 0.33 | H79: 9.119137 | I79: 10.483661 | J79: 9.0901105 | K79: 10.322596 | L79: 5.8693534 | M79: 6.2112576 | N79: 5.7466646 | O79: 6.081308 | P79: 4909 | Q79: 10083 | R79: 4927 | S79: 10081 | T79: =(H79*P79+J79*R79)/(P79+R79) -> 9.1045972 | U79: =(I79*Q79+K79*S79)/(Q79+S79) -> 10.403137 | V79: =(H79*P79+I79*Q79+J79*R79+K79*S79)/(P79+Q79+R79+S79) -> 9.9773889 | W79: =($U$81-T79)/($U$81) -> 0.33163094 | X79: =($U$81-U79)/($U$81) -> 0.23630506
A80: 0.95 | B80: 2 | C80: 2 | D80: 0.5 | E80: -0.15 | F80: 0 | G80: 0.17 | H80: 9.5823377 | I80: 11.57314 | J80: 9.3780707 | K80: 11.603288 | L80: 6.015919 | M80: 6.9150685 | N80: 6.0588825 | O80: 6.877389 | P80: 2601 | Q80: 12404 | R80: 2515 | S80: 12480 | T80: =(H80*P80+J80*R80)/(P80+R80) -> 9.4819211 | U80: =(I80*Q80+K80*S80)/(Q80+S80) -> 11.58826 | V80: =(H80*P80+I80*Q80+J80*R80+K80*S80)/(P80+Q80+R80+S80) -> 11.229059 | W80: =($U$81-T80)/($U$81) -> 0.30393156 | X80: =($U$81-U80)/($U$81) -> 0.14930508
A81: 0.95 | B81: 2 | C81: 2 | D81: 0.5 | E81: -0.15 | F81: 0 | G81: 0 | H81: 0 | I81: 14.935132 | J81: 0 | K81: 12.281849 | L81: 0 | M81: 9.3290844 | N81: 0 | O81: 7.7935139 | P81: 0 | Q81: 15154 | R81: 0 | S81: 14846 | U81: =(I81*Q81+K81*S81)/(Q81+S81) -> 13.62211 | V81: =(H81*P81+I81*Q81+J81*R81+K81*S81)/(P81+Q81+R81+S81) -> 13.62211
A82: 0.67 | B82: 2 | C82: 2 | D82: 0.5 | E82: -0.15 | F82: 0 | G82: 1 | H82: 2.9075903 | I82: 0 | J82: 2.8871854 | K82: 0 | L82: 1.2940846 | M82: 0 | N82: 1.2792476 | O82: 0 | P82: 14969 | Q82: 0 | R82: 15031 | S82: 0 | T82: =(H82*P82+J82*R82)/(P82+R82) -> 2.8973668 | V82: =(H82*P82+I82*Q82+J82*R82+K82*S82)/(P82+Q82+R82+S82) -> 2.8973668 | W82: =($U$88-T82)/($U$88) -> 0.29263111
A83: 0.67 | B83: 2 | C83: 2 | D83: 0.5 | E83: -0.15 | F83: 0 | G83: 0.83 | H83: 2.9340743 | I83: 3.3452113 | J83: 2.9271521 | K83: 3.3204119 | L83: 1.3352468 | M83: 1.5198544 | N83: 1.326899 | O83: 1.5000796 | P83: 12448 | Q83: 2599 | R83: 12433 | S83: 2520 | T83: =(H83*P83+J83*R83)/(P83+R83) -> 2.9306153 | U83: =(I83*Q83+K83*S83)/(Q83+S83) -> 3.3330029 | V83: =(H83*P83+I83*Q83+J83*R83+K83*S83)/(P83+Q83+R83+S83) -> 2.999276 | W83: =($U$88-T83)/($U$88) -> 0.28451376 | X83: =($U$88-U83)/($U$88) -> 0.18627404
A84: 0.67 | B84: 2 | C84: 2 | D84: 0.5 | E84: -0.15 | F84: 0 | G84: 0.67 | H84: 2.9804516 | I84: 3.4403601 | J84: 2.9710465 | K84: 3.4323316 | L84: 1.4323682 | M84: 1.6335748 | N84: 1.4021642 | O84: 1.6195069 | P84: 10048 | Q84: 4929 | R84: 10030 | S84: 4993 | T84: =(H84*P84+J84*R84)/(P84+R84) -> 2.9757533 | U84: =(I84*Q84+K84*S84)/(Q84+S84) -> 3.43632 | V84: =(H84*P84+I84*Q84+J84*R84+K84*S84)/(P84+Q84+R84+S84) -> 3.128078 | W84: =($U$88-T84)/($U$88) -> 0.27349368 | X84: =($U$88-U84)/($U$88) -> 0.16105002
A85: 0.67 | B85: 2 | C85: 2 | D85: 0.5 | E85: -0.15 | F85: 0 | G85: 0.5 | H85: 2.9170266 | I85: 3.4962439 | J85: 2.9211792 | K85: 3.4944689 | L85: 1.366791 | M85: 1.722628 | N85: 1.3590212 | O85: 1.7019681 | P85: 7488 | Q85: 7514 | R85: 7543 | S85: 7455 | T85: =(H85*P85+J85*R85)/(P85+R85) -> 2.9191105 | U85: =(I85*Q85+K85*S85)/(Q85+S85) -> 3.4953599 | V85: =(H85*P85+I85*Q85+J85*R85+K85*S85)/(P85+Q85+R85+S85) -> 3.2066398 | W85: =($U$88-T85)/($U$88) -> 0.28732256 | X85: =($U$88-U85)/($U$88) -> 0.14663589
A86: 0.67 | B86: 2 | C86: 2 | D86: 0.5 | E86: -0.15 | F86: 0 | G86: 0.33 | H86: 2.8646188 | I86: 3.616225 | J86: 2.8689225 | K86: 3.5900093 | L86: 1.2760446 | M86: 1.8426231 | N86: 1.2780799 | O86: 1.8131623 | P86: 5041 | Q86: 9900 | R86: 4981 | S86: 10078 | T86: =(H86*P86+J86*R86)/(P86+R86) -> 2.8667577 | U86: =(I86*Q86+K86*S86)/(Q86+S86) -> 3.6030004 | V86: =(H86*P86+I86*Q86+J86*R86+K86*S86)/(P86+Q86+R86+S86) -> 3.3570462 | W86: =($U$88-T86)/($U$88) -> 0.30010407 | X86: =($U$88-U86)/($U$88) -> 0.12035634
A87: 0.67 | B87: 2 | C87: 2 | D87: 0.5 | E87: -0.15 | F87: 0 | G87: 0.17 | H87: 2.8484895 | I87: 3.7002069 | J87: 2.8370156 | K87: 3.7873582 | L87: 1.2830335 | M87: 2.0009507 | N87: 1.2624468 | O87: 2.1513439 | P87: 2612 | Q87: 12357 | R87: 2577 | S87: 12454 | T87: =(H87*P87+J87*R87)/(P87+R87) -> 2.8427912 | U87: =(I87*Q87+K87*S87)/(Q87+S87) -> 3.7439529 | V87: =(H87*P87+I87*Q87+J87*R87+K87*S87)/(P87+Q87+R87+S87) -> 3.588082 | W87: =($U$88-T87)/($U$88) -> 0.30595531 | X87: =($U$88-U87)/($U$88) -> 0.085943895
A88: 0.67 | B88: 2 | C88: 2 | D88: 0.5 | E88: -0.15 | F88: 0 | G88: 0 | H88: 0 | I88: 4.1443344 | J88: 0 | K88: 4.046735 | L88: 0 | M88: 2.6000801 | N88: 0 | O88: 2.5077003 | P88: 0 | Q88: 15136 | R88: 0 | S88: 14864 | U88: =(I88*Q88+K88*S88)/(Q88+S88) -> 4.0959772 | V88: =(H88*P88+I88*Q88+J88*R88+K88*S88)/(P88+Q88+R88+S88) -> 4.0959772
A89: 1.05 | B89: 2 | C89: 2 | D89: 0.5 | E89: -0.15 | F89: 0 | G89: 1 | H89: 29.651052 | I89: 0 | J89: 29.683224 | K89: 0 | L89: 16.442092 | M89: 0 | N89: 16.382128 | O89: 0 | P89: 15020 | Q89: 0 | R89: 14980 | S89: 0 | T89: =(H89*P89+J89*R89)/(P89+R89) -> 29.667117 | V89: =(H89*P89+I89*Q89+J89*R89+K89*S89)/(P89+Q89+R89+S89) -> 29.667117 | W89: =($U$95-T89)/($U$95) -> 0.22079758
A90: 1.05 | B90: 2 | C90: 2 | D90: 0.5 | E90: -0.15 | F90: 0 | G90: 0.83 | H90: 32.571663 | I90: 33.246933 | J90: 32.576377 | K90: 33.238978 | L90: 16.476159 | M90: 16.346638 | N90: 16.466927 | O90: 16.303789 | P90: 12419 | Q90: 2582 | R90: 12426 | S90: 2573 | T90: =(H90*P90+J90*R90)/(P90+R90) -> 32.574021 | U90: =(I90*Q90+K90*S90)/(Q90+S90) -> 33.242963 | V90: =(H90*P90+I90*Q90+J90*R90+K90*S90)/(P90+Q90+R90+S90) -> 32.688967 | W90: =($U$95-T90)/($U$95) -> 0.14444818 | X90: =($U$95-U90)/($U$95) -> 0.12687851
A91: 1.05 | B91: 2 | C91: 2 | D91: 0.5 | E91: -0.15 | F91: 0 | G91: 0.67 | H91: 36.75482 | I91: 37.797327 | J91: 36.945895 | K91: 37.468347 | L91: 17.907108 | M91: 18.203837 | N91: 18.196814 | O91: 17.60353 | P91: 10042 | Q91: 4978 | R91: 10056 | S91: 4924 | T91: =(H91*P91+J91*R91)/(P91+R91) -> 36.850424 | U91: =(I91*Q91+K91*S91)/(Q91+S91) -> 37.633734 | V91: =(H91*P91+I91*Q91+J91*R91+K91*S91)/(P91+Q91+R91+S91) -> 37.108968 | W91: =($U$95-T91)/($U$95) -> 0.032129081 | X91: =($U$95-U91)/($U$95) -> 0.01155555
A92: 1.05 | B92: 2 | C92: 2 | D92: 0.5 | E92: -0.15 | F92: 0 | G92: 0.5 | H92: 29.198417 | I92: 30.384933 | J92: 29.139476 | K92: 30.509348 | L92: 14.553328 | M92: 15.054231 | N92: 14.796708 | O92: 14.92546 | P92: 7328 | Q92: 7676 | R92: 7482 | S92: 7514 | T92: =(H92*P92+J92*R92)/(P92+R92) -> 29.16864 | U92: =(I92*Q92+K92*S92)/(Q92+S92) -> 30.446477 | V92: =(H92*P92+I92*Q92+J92*R92+K92*S92)/(P92+Q92+R92+S92) -> 29.815651 | W92: =($U$95-T92)/($U$95) -> 0.23388999 | X92: =($U$95-U92)/($U$95) -> 0.2003278
A93: 1.05 | B93: 2 | C93: 2 | D93: 0.5 | E93: -0.15 | F93: 0 | G93: 0.33 | H93: 33.556913 | I93: 35.668047 | J93: 34.270902 | K93: 35.462451 | L93: 17.715773 | M93: 17.862323 | N93: 17.934429 | O93: 17.926155 | P93: 5085 | Q93: 9912 | R93: 4818 | S93: 10185 | T93: =(H93*P93+J93*R93)/(P93+R93) -> 33.904282 | U93: =(I93*Q93+K93*S93)/(Q93+S93) -> 35.563852 | V93: =(H93*P93+I93*Q93+J93*R93+K93*S93)/(P93+Q93+R93+S93) -> 35.016028 | W93: =($U$95-T93)/($U$95) -> 0.10950905 | X93: =($U$95-U93)/($U$95) -> 0.065920686
A94: 1.05 | B94: 2 | C94: 2 | D94: 0.5 | E94: -0.15 | F94: 0 | G94: 0.17 | H94: 31.05603 | I94: 33.973175 | J94: 30.410581 | K94: 33.807483 | L94: 18.1607 | M94: 18.715966 | N94: 17.268609 | O94: 18.845563 | P94: 2493 | Q94: 12521 | R94: 2530 | S94: 12456 | T94: =(H94*P94+J94*R94)/(P94+R94) -> 30.730928 | U94: =(I94*Q94+K94*S94)/(Q94+S94) -> 33.890544 | V94: =(H94*P94+I94*Q94+J94*R94+K94*S94)/(P94+Q94+R94+S94) -> 33.361519 | W94: =($U$95-T94)/($U$95) -> 0.19285673 | X94: =($U$95-U94)/($U$95) -> 0.10986988
A95: 1.05 | B95: 2 | C95: 2 | D95: 0.5 | E95: -0.15 | F95: 0 | G95: 0 | H95: 0 | I95: 37.316209 | J95: 0 | K95: 38.8389 | L95: 0 | M95: 19.908979 | N95: 0 | O95: 20.580505 | P95: 0 | Q95: 15076 | R95: 0 | S95: 14924 | U95: =(I95*Q95+K95*S95)/(Q95+S95) -> 38.073697
A96: 1.05 | B96: 2 | C96: 2 | D96: 0.5 | E96: -0.15 | F96: 0 | G96: 1 | H96: 27.175611 | I96: 0 | J96: 27.210319 | K96: 0 | L96: 15.518902 | M96: 0 | N96: 15.508612 | O96: 0 | P96: 15011 | Q96: 0 | R96: 14989 | S96: 0 | T96: =(H96*P96+J96*R96)/(P96+R96) -> 27.192952 | V96: =(H96*P96+I96*Q96+J96*R96+K96*S96)/(P96+Q96+R96+S96) -> 27.192952 | W96: =($U$102-T96)/($U$102) -> 0.28476878
A97: 1.05 | B97: 2 | C97: 2 | D97: 0.5 | E97: -0.15 | F97: 0 | G97: 0.83 | H97: 35.464185 | I97: 35.657589 | J97: 35.533456 | K97: 35.938431 | L97: 19.570591 | M97: 19.649109 | N97: 19.658538 | O97: 19.495021 | P97: 12447 | Q97: 2573 | R97: 12479 | S97: 2501 | T97: =(H97*P97+J97*R97)/(P97+R97) -> 35.498865 | U97: =(I97*Q97+K97*S97)/(Q97+S97) -> 35.796018 | V97: =(H97*P97+I97*Q97+J97*R97+K97*S97)/(P97+Q97+R97+S97) -> 35.549123 | W97: =($U$102-T97)/($U$102) -> 0.066305989 | X97: =($U$102-U97)/($U$102) -> 0.058490257
A98: 1.05 | B98: 2 | C98: 2 | D98: 0.5 | E98: -0.15 | F98: 0 | G98: 0.67 | H98: 37.141421 | I98: 37.137528 | J98: 37.08185 | K98: 37.56374 | L98: 19.060101 | M98: 19.117645 | N98: 19.00053 | O98: 19.184015 | P98: 10107 | Q98: 4907 | R98: 10096 | S98: 4890 | T98: =(H98*P98+J98*R98)/(P98+R98) -> 37.111652 | U98: =(I98*Q98+K98*S98)/(Q98+S98) -> 37.350264 | V98: =(H98*P98+I98*Q98+J98*R98+K98*S98)/(P98+Q98+R98+S98) -> 37.189575 | W98: =($U$102-T98)/($U$102) -> 0.023886341 | X98: =($U$102-U98)/($U$102) -> 0.017610329
A99: 1.05 | B99: 2 | C99: 2 | D99: 0.5 | E99: -0.15 | F99: 0 | G99: 0.5 | H99: 33.018551 | I99: 33.671309 | J99: 33.121959 | K99: 33.687937 | L99: 17.161158 | M99: 17.0664 | N99: 17.164752 | O99: 17.13745 | P99: 7417 | Q99: 7586 | R99: 7441 | S99: 7556 | T99: =(H99*P99+J99*R99)/(P99+R99) -> 33.070339 | U99: =(I99*Q99+K99*S99)/(Q99+S99) -> 33.679606 | V99: =(H99*P99+I99*Q99+J99*R99+K99*S99)/(P99+Q99+R99+S99) -> 33.377856 | W99: =($U$102-T99)/($U$102) -> 0.13018128 | X99: =($U$102-U99)/($U$102) -> 0.11415627
A100: 1.05 | B100: 2 | C100: 2 | D100: 0.5 | E100: -0.15 | F100: 0 | G100: 0.33 | H100: 33.424934 | I100: 34.862805 | J100: 33.467118 | K100: 34.899355 | L100: 16.293105 | M100: 16.863982 | N100: 16.49971 | O100: 16.709581 | P100: 4988 | Q100: 10050 | R100: 4994 | S100: 9968 | T100: =(H100*P100+J100*R100)/(P100+R100) -> 33.446038 | U100: =(I100*Q100+K100*S100)/(Q100+S100) -> 34.881005 | V100: =(H100*P100+I100*Q100+J100*R100+K100*S100)/(P100+Q100+R100+S100) -> 34.403544 | W100: =($U$102-T100)/($U$102) -> 0.1202996 | X100: =($U$102-U100)/($U$102) -> 0.082556988
A101: 1.05 | B101: 2 | C101: 2 | D101: 0.5 | E101: -0.15 | F101: 0 | G101: 0.17 | H101: 29.924234 | I101: 31.926683 | J101: 29.343484 | K101: 31.9133 | L101: 16.235693 | M101: 17.119362 | N101: 16.214915 | O101: 16.997269 | P101: 2506 | Q101: 12510 | R101: 2589 | S101: 12395 | T101: =(H101*P101+J101*R101)/(P101+R101) -> 29.629129 | U101: =(I101*Q101+K101*S101)/(Q101+S101) -> 31.920023 | V101: =(H101*P101+I101*Q101+J101*R101+K101*S101)/(P101+Q101+R101+S101) -> 31.530953 | W101: =($U$102-T101)/($U$102) -> 0.22069227 | X101: =($U$102-U101)/($U$102) -> 0.16043699
...

Sheet Chart1

Sheet Sheet3
A1: Time | B1: Arrived | C1: Departed | D1: Time | E1: CumArrival | F1: CumDeparture | G1: Time | H1: DifferencedCumArrivals | I1: DifferencedCumDeparture
A2: 5 | B2: 6 | C2: 3 | D2: 5 | E2: =B2 -> 6 | F2: =C2 -> 3 | G2: =D2 -> 5 | H2: =E2-D2*0.95 -> 1.25 | I2: =F2-D2*0.95 -> -1.75
A3: 10 | B3: 8 | C3: 3 | D3: 10 | E3: =B3+E2 -> 14 | F3: =C3+F2 -> 6 | G3: =D3 -> 10 | H3: =E3-D3*0.95 -> 4.5 | I3: =F3-D3*0.95 -> -3.5
A4: 15 | B4: 7 | C4: 6 | D4: 15 | E4: =B4+E3 -> 21 | F4: =C4+F3 -> 12 | G4: =D4 -> 15 | H4: =E4-D4*0.95 -> 6.75 | I4: =F4-D4*0.95 -> -2.25
A5: 20 | B5: 4 | C5: 5 | D5: 20 | E5: =B5+E4 -> 25 | F5: =C5+F4 -> 17 | G5: =D5 -> 20 | H5: =E5-D5*0.95 -> 6 | I5: =F5-D5*0.95 -> -2
A6: 25 | B6: 7 | C6: 5 | D6: 25 | E6: =B6+E5 -> 32 | F6: =C6+F5 -> 22 | G6: =D6 -> 25 | H6: =E6-D6*0.95 -> 8.25 | I6: =F6-D6*0.95 -> -1.75
A7: 30 | B7: 10 | C7: 4 | D7: 30 | E7: =B7+E6 -> 42 | F7: =C7+F6 -> 26 | G7: =D7 -> 30 | H7: =E7-D7*0.95 -> 13.5 | I7: =F7-D7*0.95 -> -2.5
A8: 35 | B8: 6 | C8: 6 | D8: 35 | E8: =B8+E7 -> 48 | F8: =C8+F7 -> 32 | G8: =D8 -> 35 | H8: =E8-D8*0.95 -> 14.75 | I8: =F8-D8*0.95 -> -1.25
A9: 40 | B9: 6 | C9: 4 | D9: 40 | E9: =B9+E8 -> 54 | F9: =C9+F8 -> 36 | G9: =D9 -> 40 | H9: =E9-D9*0.95 -> 16 | I9: =F9-D9*0.95 -> -2
A10: 45 | B10: 4 | C10: 6 | D10: 45 | E10: =B10+E9 -> 58 | F10: =C10+F9 -> 42 | G10: =D10 -> 45 | H10: =E10-D10*0.95 -> 15.25 | I10: =F10-D10*0.95 -> -0.75
A11: 50 | B11: 9 | C11: 4 | D11: 50 | E11: =B11+E10 -> 67 | F11: =C11+F10 -> 46 | G11: =D11 -> 50 | H11: =E11-D11*0.95 -> 19.5 | I11: =F11-D11*0.95 -> -1.5
A12: 55 | B12: 3 | C12: 6 | D12: 55 | E12: =B12+E11 -> 70 | F12: =C12+F11 -> 52 | G12: =D12 -> 55 | H12: =E12-D12*0.95 -> 17.75 | I12: =F12-D12*0.95 -> -0.25
A13: 60 | B13: 5 | C13: 4 | D13: 60 | E13: =B13+E12 -> 75 | F13: =C13+F12 -> 56 | G13: =D13 -> 60 | H13: =E13-D13*0.95 -> 18 | I13: =F13-D13*0.95 -> -1
A14: 65 | B14: 4 | C14: 5 | D14: 65 | E14: =B14+E13 -> 79 | F14: =C14+F13 -> 61 | G14: =D14 -> 65 | H14: =E14-D14*0.95 -> 17.25 | I14: =F14-D14*0.95 -> -0.75
... A203: 1010 | B203: 6 | C203: 5 | D203: 1010 | E203: =B203+E202 -> 954 | F203: =C203+F202 -> 939 | G203: =D203 -> 1010 | H203: =E203-D203*0.95 -> -5.5 | I203: =F203-D203*0.95 -> -20.5
A204: More | B204: 46 | C204: 61 | D204: More | E204: =B204+E203 -> 1000 | F204: =C204+F203 -> 1000
H241: =E241-D241 -> 0 | I241: =F241-D241 -> 0
H242: =E242-D242 -> 0 | I242: =F242-D242 -> 0
H243: =E243-D243 -> 0 | I243: =F243-D243 -> 0
H244: =E244-D244 -> 0 | I244: =F244-D244 -> 0
H245: =E245-D245 -> 0 | I245: =F245-D245 -> 0
H246: =E246-D246 -> 0 | I246: =F246-D246 -> 0
H247: =E247-D247 -> 0 | I247: =F247-D247 -> 0
H248: =E248-D248 -> 0 | I248: =F248-D248 -> 0
H249: =E249-D249 -> 0 | I249: =F249-D249 -> 0
H250: =E250-D250 -> 0 | I250: =F250-D250 -> 0
H251: =E251-D251 -> 0 | I251: =F251-D251 -> 0
H252: =E252-D252 -> 0 | I252: =F252-D252 -> 0
... H1091: =E1091-D1091 -> 0 | I1091: =F1091-D1091 -> 0

Sheet Sheet4
A1: Time | B1: Frequency | C1: Cumulative %
A2: 5 | B2: 3 | C2: 0.003
A3: 10 | B3: 3 | C3: 0.006
A4: 15 | B4: 6 | C4: 0.012
A5: 20 | B5: 5 | C5: 0.017
A6: 25 | B6: 5 | C6: 0.022
A7: 30 | B7: 4 | C7: 0.026
A8: 35 | B8: 6 | C8: 0.032
A9: 40 | B9: 4 | C9: 0.036
A10: 45 | B10: 6 | C10: 0.042
A11: 50 | B11: 4 | C11: 0.046
A12: 55 | B12: 6 | C12: 0.052
A13: 60 | B13: 4 | C13: 0.056
... A203: 1010 | B203: 5 | C203: 0.939
A204: More | B204: 61 | C204: 1

Sheet Sheet1
A1: THE VALUE OF INFORMATION: QUEUEING MODEL
A2: Poisson arrival rate (cust/sec) = | B2: 0.95
A3: Freeway Service time mean (sec) = | B3: 2
A4: Arterial Service time mean (sec) = | B4: 2
A5: Freeway Service time range (sec) = | B5: 0.5
A6: Demand Coefficient = | B6: -0.15
A7: Alternate Time (sec) | B7: 0
A8: Percent Informed | B8: 0.5
A10: Percent Arterial (RESULT) | B10: 0.504
A11: Percent Informed (RESULT) | B11: 0.489
A15: CUSTOMER | B15: ARRIVAL | C15: DEPARTURE
A16: # | B16: TIME | C16: TIME
A17: CUSTOMER | B17: ARRIVAL | C17: DEPARTURE | F17: Time
A18: 1 | B18: 0 | C18: 1.9305107 | F18: 5
A19: 2 | B19: 0.26618856 | C19: 2.3743889 | F19: =5+F18 -> 10
A20: 3 | B20: 0.46975435 | C20: 4.6153219 | F20: =5+F19 -> 15
A21: 4 | B21: 1.6968987 | C21: 6.4244978 | F21: =5+F20 -> 20
A22: 5 | B22: 3.4259661 | C22: 8.4468813 | F22: =5+F21 -> 25
A23: 6 | B23: 4.639081 | C23: 10.380318 | F23: =5+F22 -> 30
A24: 7 | B24: 6.0434611 | C24: 8.1951812 | F24: =5+F23 -> 35
A25: 8 | B25: 6.2061803 | C25: 10.343948 | F25: =5+F24 -> 40
A26: 9 | B26: 6.7974224 | C26: 12.272011 | F26: =5+F25 -> 45
A27: 10 | B27: 7.2681451 | C27: 14.19028 | F27: =5+F26 -> 50
A28: 11 | B28: 7.2681982 | C28: 12.321331 | F28: =5+F27 -> 55
A29: 12 | B29: 8.114514 | C29: 15.972636 | F29: =5+F28 -> 60
A30: 13 | B30: 8.7416156 | C30: 14.438621 | F30: =5+F29 -> 65
... A219: 202 | B219: 213.16997 | C219: 215.90764 | F219: =5+F218 -> 1010
A220: 203 | B220: 214.7728 | C220: 218.02356
A221: 204 | B221: 214.90736 | C221: 220.41966
A222: 205 | B222: 215.34269 | C222: 220.14963
A223: 206 | B223: 215.67761 | C223: 222.16739
A224: 207 | B224: 216.52654 | C224: 222.56881
A225: 208 | B225: 217.25166 | C225: 224.27323
A226: 209 | B226: 217.50279 | C226: 224.81466
A227: 210 | B227: 217.52557 | C227: 226.90012
A228: 211 | B228: 217.57152 | C228: 226.4759
A229: 212 | B229: 218.59124 | C229: 229.06679
A230: 213 | B230: 219.476 | C230: 228.61209
A231: 214 | B231: 220.10901 | C231: 231.30958
... A1017: 1000 | B1017: 1052.7718 | C1017: 1073.5018
A1019: SUMS | B1019: 537307.01 | C1019: 10436
A1020: AVERAGES | C1020: 21.040323
A1022: CUMULATIVE SUMS | B1022: 17196046 | C1022: 1170836
A1023: CUMULATIVE AVGS
A1026: RESULTS | B1026: TOTAL | C1026: TOTAL
B1027: TOTAL | C1027: INFORMED
A1028: TOT. DELAY = | B1028: 9027.7479 | C1028: 4125.4282
A1029: N | B1029: 1000 | C1029: 489
A1030: AVG.DELAY | B1030: 9.0277479 | C1030: 8.4364586
A1031: CUM TOT. DELAY | B1031: 1119511.4 | C1031: 1114609.1
A1032: CUM N | B1032: 36000 | C1032: 35489
A1033: CUM. AVG. DELAY | B1033: 31.097539 | C1033: 31.40717

Sheet Chart2

Sheet HistoQ
A1: -1 | B1: 0.95 | C1: Cumulative % | E1: -1 | F1: 1.05 | G1: Cumulative %
A2: 0 | B2: 357 | C2: 0.357 | E2: 0 | F2: 309 | G2: 0.309
A3: 1 | B3: 430 | C3: 0.787 | E3: 1 | F3: 454 | G3: 0.763
A4: 2 | B4: 144 | C4: 0.931 | E4: 2 | F4: 187 | G4: 0.95
A5: 3 | B5: 57 | C5: 0.988 | E5: 3 | F5: 42 | G5: 0.992
A6: 4 | B6: 7 | C6: 0.995 | E6: 4 | F6: 8 | G6: 1
A7: 5 | B7: 5 | C7: 1 | E7: 5 | F7: 0 | G7: 1
A8: More | B8: 0 | C8: 1 | E8: More | F8: 0 | G8: 1

Sheet Sheet5
A1: THE VALUE OF INFORMATION: QUEUEING MODEL | F1: RESET (1=Y,0=N) | G1: 0
A2: Poisson arrival rate (cust/sec) = | D2: 0.95 | F2: ITERATION | G2: 48
A3: Freeway Service time mean (sec) = | D3: 2
A4: Arterial Service time mean (sec) = | D4: 2
A5: Freeway Service time range (sec) = | D5: 0.5
A6: Demand Coefficient = | D6: -0.15
A7: Alternate Time (sec) | D7: 0
A8: Percent Informed | D8: 0.5
A10: Percent Arterial (RESULT) | D10: 0.497
A11: Percent Informed (RESULT) | D11: 0.495
E14: EXPECTED | F14: EXPECTED | G14: ART. | I14: FREEWAY | J14: FREEWAY | K14: FREEWAY | L14: ARTERIAL | M14: ARTERIAL | N14: ARTERIAL | R14: CUMULATIVE | S14: CUMULATIVE | T14: CUMULATIVE | U14: CUMULATIVE | V14: AVERAGE | W14: AVERAGE | X14: INFORMED | Y14: UNINFORMED | Z14: INFORMED | AA14: UNINFORMED | AB14: INFORMED | AC14: UNINFORMED | AD14: INFORMED | AE14: UNINFORMED | AF14: (X-E(X))^2 | AG14: (X-E(X))^2 | AH14: (X-E(X))^2 | AI14: (X-E(X))^2
A15: CUSTOMER | B15: (1=Y,0=N) | C15: ARRIVAL | D15: ARRIVAL | E15: FREEWAY | F15: ARTERIAL | G15: Uninform | H15: F/A | I15: SERVICE | J15: DEPARTURE | K15: DELAY | L15: SERVICE | M15: DEPARTURE | N15: DELAY | O15: CUSTOMER | P15: Freeway | Q15: Arterial | R15: ACTUAL | S15: ACTUAL | T15: ACTUAL | U15: ACTUAL | V15: FREEWAY | W15: ARTERIAL | X15: FREEWAY | Y15: FREEWAY | Z15: ARTERIAL | AA15: ARTERIAL | AB15: FREEWAY | AC15: FREEWAY | AD15: ARTERIAL | AE15: ARTERIAL | AF15: FREEWAY | AG15: FREEWAY | AH15: ARTERIAL | AI15: ARTERIAL | AO15: CUSTOMER | AP15: (1=Y,0=N) | AQ15: ARRIVAL | AR15: ARRIVAL | AS15: FREEWAY | AT15: ARTERIAL
A16: # | C16: HEADWAY | D16: TIME | E16: DELAY | F16: DELAY | G16: SPLIT | H16: F=0,A=1 | I16: TIME | J16: TIME | K16: TIME | L16: TIME | M16: TIME | N16: TIME | O16: # | P16: # | Q16: # | R16: FWY DELAY | S16: ART DELAY | T16: FWY USERS | U16: ART USERS | V16: DELAY | W16: DELAY | X16: DELAY | Y16: DELAY | Z16: DELAY | AA16: DELAY | AB16: USERS | AC16: USERS | AD16: USERS | AE16: USERS | AF16: INFORMED | AG16: UNINFORMED | AH16: INFORMED | AI16: UNINFORMED | AO16: # | AQ16: HEADWAY | AR16: TIME | AS16: DELAY | AT16: DELAY
B17: Informed | H17: Arterial | AJ17: -1 | AK17: Cust# | AL17: V/C 0.95 | AM17: V/C 1.05 | AP17: Informed
A18: 1 | B18: 1 | C18: 0 | D18: 0 | E18: 0 | F18: 0 | G18: 0.5 | H18: 0 | I18: 1.845117 | J18: 1.845117 | K18: 1.845117 | L18: 0 | M18: 0 | N18: 0 | O18: 1 | P18: 1 | Q18: 0 | R18: 95.334505 | S18: 0 | T18: 48 | U18: 0 | V18: 1.9861351 | W18: 0 | X18: 1.845117 | Y18: 0 | Z18: 0 | AA18: 0 | AB18: 1 | AC18: 0 | AD18: 0 | AE18: 0 | AF18: 31.163672 | AG18: 0 | AH18: 0 | AI18: 0 | AJ18: 0 | AK18: =A18 -> 1 | AL18: 0 | AM18: 0 | AO18: 1 | AP18: 0 | AQ18: 0 | AR18: 0 | AS18: 0 | AT18: 0
A19: 2 | B19: 1 | C19: 1.4829259 | D19: 1.4829259 | E19: 0 | F19: 0 | G19: 0.5 | H19: 1 | I19: 0 | J19: 1.845117 | K19: 0 | L19: 2.216811 | M19: 3.6997368 | N19: 2.216811 | O19: 2 | P19: 1 | Q19: 1 | R19: 63.607255 | S19: 53.740603 | T19: 22 | U19: 26 | V19: 2.8912376 | W19: 2.0669383 | X19: 0 | Y19: 0 | Z19: 2.216811 | AA19: 0 | AB19: 0 | AC19: 0 | AD19: 1 | AE19: 0 | AF19: 0 | AG19: 0 | AH19: 30.792425 | AI19: 0 | AJ19: 1 | AK19: =A19 -> 2 | AL19: 0 | AM19: 0 | AO19: 2 | AP19: 1 | AQ19: 0.61297443 | AR19: 0.61297443 | AS19: 0 | AT19: 0
A20: 3 | B20: 1 | C20: 0.14588263 | D20: 1.6288085 | E20: 0 | F20: 0 | G20: 0.5 | H20: 0 | I20: 1.9994921 | J20: 3.8446091 | K20: 2.2158006 | L20: 0 | M20: 3.6997368 | N20: 0 | O20: 3 | P20: 2 | Q20: 1 | R20: 74.092304 | S20: 63.621736 | T20: 25 | U20: 23 | V20: 2.963691 | W20: 2.7661504 | X20: 2.2158006 | Y20: 0 | Z20: 0 | AA20: 0 | AB20: 1 | AC20: 0 | AD20: 0 | AE20: 0 | AF20: 27.162437 | AG20: 0 | AH20: 0 | AI20: 0 | AJ20: 2 | AK20: =A20 -> 3 | AL20: 0 | AM20: 0 | AO20: 3 | AP20: 1 | AQ20: 3.654585 | AR20: 4.2675594 | AS20: 0 | AT20: 0
A21: 4 | B21: 0 | C21: 1.5091871 | D21: 3.1379956 | E21: 0 | F21: 0 | G21: 0.5 | H21: 1 | I21: 0 | J21: 3.8446091 | K21: 0 | L21: 1.9064564 | M21: 5.6061933 | N21: 2.4681977 | O21: 4 | P21: 2 | Q21: 2 | R21: 71.929209 | S21: 89.129638 | T21: 21 | U21: 27 | V21: 3.4251988 | W21: 3.3010855 | X21: 0 | Y21: 0 | Z21: 0 | AA21: 2.4681977 | AB21: 0 | AC21: 0 | AD21: 0 | AE21: 1 | AF21: 0 | AG21: 0 | AH21: 0 | AI21: 27.701307 | AJ21: 3 | AK21: =A21 -> 4 | AL21: 0 | AM21: 0 | AO21: 4 | AP21: 1 | AQ21: 0.13517795 | AR21: 4.4027374 | AS21: 0 | AT21: 0
A22: 5 | B22: 1 | C22: 0.3466343 | D22: 3.4846299 | E22: 0 | F22: 0 | G22: 0.5 | H22: 0 | I22: 2.1179476 | J22: 5.9625567 | K22: 2.4779268 | L22: 0 | M22: 5.6061933 | N22: 0 | O22: 5 | P22: 3 | Q22: 2 | R22: 95.045995 | S22: 75.913458 | T22: 25 | U22: 23 | V22: 3.8018383 | W22: 3.3005708 | X22: 2.4779268 | Y22: 0 | Z22: 0 | AA22: 0 | AB22: 1 | AC22: 0 | AD22: 0 | AE22: 0 | AF22: 24.49887 | AG22: 0 | AH22: 0 | AI22: 0 | AJ22: 4 | AK22: =A22 -> 5 | AL22: 0 | AM22: 0 | AO22: 5 | AP22: 1 | AQ22: 0.39893849 | AR22: 4.8016759 | AS22: 0 | AT22: 0
A23: 6 | B23: 1 | C23: 0.39495618 | D23: 3.8795861 | E23: 0 | F23: 0 | G23: 0.5 | H23: 1 | I23: 0 | J23: 5.9625567 | K23: 0 | L23: 1.9140453 | M23: 7.5202385 | N23: 3.6406525 | O23: 6 | P23: 3 | Q23: 3 | R23: 75.614709 | S23: 102.70228 | T23: 21 | U23: 27 | V23: 3.6006987 | W23: 3.8037741 | X23: 0 | Y23: 0 | Z23: 3.6406525 | AA23: 0 | AB23: 0 | AC23: 0 | AD23: 1 | AE23: 0 | AF23: 0 | AG23: 0 | AH23: 17.017694 | AI23: 0 | AJ23: 5 | AK23: =A23 -> 6 | AL23: 0 | AM23: 0 | AO23: 6 | AP23: 1 | AQ23: 1.2669648 | AR23: 6.0686407 | AS23: 0 | AT23: 0
A24: 7 | B24: 1 | C24: 0.41688712 | D24: 4.2964732 | E24: 0 | F24: 0 | G24: 0.5 | H24: 0 | I24: 1.9690829 | J24: 7.9316396 | K24: 3.6351665 | L24: 0 | M24: 7.5202385 | N24: 0 | O24: 7 | P24: 4 | Q24: 3 | R24: 118.96899 | S24: 97.106672 | T24: 26 | U24: 22 | V24: 4.5757284 | W24: 4.4139196 | X24: 3.6351665 | Y24: 0 | Z24: 0 | AA24: 0 | AB24: 1 | AC24: 0 | AD24: 0 | AE24: 0 | AF24: 14.38225 | AG24: 0 | AH24: 0 | AI24: 0 | AK24: =A24 -> 7 | AL24: 0 | AM24: 0 | AO24: 7 | AP24: 0 | AQ24: 0.1780396 | AR24: 6.2466803 | AS24: 0 | AT24: 0
A25: 8 | B25: 1 | C25: 0.67343979 | D25: 4.969913 | E25: 0 | F25: 0 | G25: 0.5 | H25: 0 | I25: 1.9690992 | J25: 9.9007388 | K25: 4.9308258 | L25: 0 | M25: 7.5202385 | N25: 0 | O25: 8 | P25: 5 | Q25: 3 | R25: 92.892667 | S25: 117.56176 | T25: 22 | U25: 26 | V25: 4.222392 | W25: 4.5215887 | X25: 4.9308258 | Y25: 0 | Z25: 0 | AA25: 0 | AB25: 1 | AC25: 0 | AD25: 0 | AE25: 0 | AF25: 6.2336822 | AG25: 0 | AH25: 0 | AI25: 0 | AK25: =A25 -> 8 | AL25: 0 | AM25: 0 | AO25: 8 | AP25: 0 | AQ25: 0.40421737 | AR25: 6.6508977 | AS25: 0 | AT25: 0
A26: 9 | B26: 1 | C26: 0.05087731 | D26: 5.0207903 | E26: 0 | F26: 0 | G26: 0.5 | H26: 1 | I26: 0 | J26: 9.9007388 | K26: 0 | L26: 1.9443406 | M26: 9.4645792 | N26: 4.4437889 | O26: 9 | P26: 5 | Q26: 4 | R26: 116.15577 | S26: 108.15796 | T26: 25 | U26: 23 | V26: 4.6462288 | W26: 4.7024994 | X26: 0 | Y26: 0 | Z26: 4.4437889 | AA26: 0 | AB26: 0 | AC26: 0 | AD26: 1 | AE26: 0 | AF26: 0 | AG26: 0 | AH26: 11.036444 | AI26: 0 | AK26: =A26 -> 9 | AL26: 0 | AM26: 0 | AO26: 9 | AP26: 0 | AQ26: 0.55816788 | AR26: 7.2090656 | AS26: 0 | AT26: 0
A27: 10 | B27: 0 | C27: 0.21212599 | D27: 5.2329163 | E27: 0 | F27: 0 | G27: 0.5 | H27: 1 | I27: 0 | J27: 9.9007388 | K27: 0 | L27: 1.9749251 | M27: 11.439504 | N27: 6.206588 | O27: 10 | P27: 5 | Q27: 5 | R27: 129.91736 | S27: 101.83641 | T27: 25 | U27: 23 | V27: 5.1966922 | W27: 4.4276509 | X27: 0 | Y27: 0 | Z27: 0 | AA27: 6.206588 | AB27: 0 | AC27: 0 | AD27: 0 | AE27: 1 | AF27: 0 | AG27: 0 | AH27: 0 | AI27: 2.325054 | AK27: =A27 -> 10 | AL27: 0 | AM27: 0 | AO27: 10 | AP27: 1 | AQ27: 0.39212675 | AR27: 7.6011923 | AS27: 0 | AT27: 0
A28: 11 | B28: 0 | C28: 0.29457091 | D28: 5.5274872 | E28: 8 | F28: 10 | G28: 0.5 | H28: 0 | I28: 2.0463521 | J28: 11.947091 | K28: 6.4196038 | L28: 0 | M28: 11.439504 | N28: 0 | O28: 11 | P28: 6 | Q28: 5 | R28: 69.022379 | S28: 112.37351 | T28: 20 | U28: 28 | V28: 3.4511172 | W28: 4.0133252 | X28: 0 | Y28: 6.4196038 | Z28: 0 | AA28: 0 | AB28: 0 | AC28: 1 | AD28: 0 | AE28: 0 | AF28: 0 | AG28: 3.382117 | AH28: 0 | AI28: 0 | AK28: =A28 -> 11 | AL28: 1 | AM28: 4 | AO28: 11 | AP28: 0 | AQ28: 0.43327537 | AR28: 8.0344677 | AS28: 4 | AT28: 12
A29: 12 | B29: 0 | C29: 1.1167679 | D29: 6.6442551 | E29: 8 | F29: 8 | G29: 0.5 | H29: 1 | I29: 0 | J29: 11.947091 | K29: 0 | L29: 2.1259579 | M29: 13.565462 | N29: 6.9212071 | O29: 12 | P29: 6 | Q29: 6 | R29: 95.585472 | S29: 116.84322 | T29: 24 | U29: 24 | V29: 3.9827264 | W29: 4.8684472 | X29: 0 | Y29: 0 | Z29: 0 | AA29: 6.9212071 | AB29: 0 | AC29: 0 | AD29: 0 | AE29: 1 | AF29: 0 | AG29: 0 | AH29: 0 | AI29: 0.65641377 | AK29: =A29 -> 12 | AL29: 0 | AM29: 4 | AO29: 12 | AP29: 1 | AQ29: 1.2158863 | AR29: 9.250354 | AS29: 4 | AT29: 12
A30: 13 | B30: 1 | C30: 0.070069295 | D30: 6.7143244 | E30: 8 | F30: 10 | G30: 0.5 | H30: 0 | I30: 1.8367126 | J30: 13.783804 | K30: 7.0694792 | L30: 0 | M30: 13.565462 | N30: 0 | O30: 13 | P30: 7 | Q30: 6 | R30: 105.67936 | S30: 114.87799 | T30: 23 | U30: 25 | V30: 4.5947527 | W30: 4.5951013 | X30: 7.0694792 | Y30: 0 | Z30: 0 | AA30: 0 | AB30: 1 | AC30: 0 | AD30: 0 | AE30: 0 | AF30: 0.12822197 | AG30: 0 | AH30: 0 | AI30: 0 | AK30: =A30 -> 13 | AL30: 1 | AM30: 4 | AO30: 13 | AP30: 1 | AQ30: 0.73208892 | AR30: 9.9824429 | AS30: 4 | AT30: 12
A31: 14 | B31: 0 | C31: 1.1916484 | D31: 7.9059727 | E31: 10 | F31: 8 | G31: 0.5 | H31: 1 | I31: 0 | J31: 13.783804 | K31: 0 | L31: 1.8736117 | M31: 15.439074 | N31: 7.5331011 | O31: 14 | P31: 7 | Q31: 7 | R31: 124.78477 | S31: 103.36954 | T31: 26 | U31: 22 | V31: 4.7994124 | W31: 4.6985942 | X31: 0 | Y31: 0 | Z31: 0 | AA31: 7.5331011 | AB31: 0 | AC31: 0 | AD31: 0 | AE31: 1 | AF31: 0 | AG31: 0 | AH31: 0 | AI31: 0.039322753 | AK31: =A31 -> 14 | AL31: 1 | AM31: 2 | AO31: 14 | AP31: 1 | AQ31: 1.3484183 | AR31: 11.330861 | AS31: 6 | AT31: 10
A32: 15 | B32: 1 | C32: 0.46984358 | D32: 8.3758163 | E32: 8 | F32: 10 | G32: 0.5 | H32: 0 | I32: 1.826102 | J32: 15.609906 | K32: 7.2340892 | L32: 0 | M32: 15.439074 | N32: 0 | O32: 15 | P32: 8 | Q32: 7 | R32: 139.76188 | S32: 116.12059 | T32: 27 | U32: 21 | V32: 5.176364 | W32: 5.5295257 | X32: 7.2340892 | Y32: 0 | Z32: 0 | AA32: 0 | AB32: 1 | AC32: 0 | AD32: 0 | AE32: 0 | AF32: 0.037430996 | AG32: 0 | AH32: 0 | AI32: 0 | AK32: =A32 -> 15 | AL32: 1 | AM32: 2 | AO32: 15 | AP32: 1 | AQ32: 0.59986394 | AR32: 11.930725 | AS32: 6 | AT32: 10
A33: 16 | B33: 1 | C33: 0.9223547 | D33: 9.298171 | E33: 10 | F33: 10 | G33: 0.5 | H33: 1 | I33: 0 | J33: 15.609906 | K33: 0 | L33: 2.0902499 | M33: 17.529324 | N33: 8.2311528 | O33: 16 | P33: 8 | Q33: 8 | R33: 128.67318 | S33: 125.07245 | T33: 24 | U33: 24 | V33: 5.3613802 | W33: 5.2113305 | X33: 0 | Y33: 0 | Z33: 8.2311528 | AA33: 0 | AB33: 0 | AC33: 0 | AD33: 1 | AE33: 0 | AF33: 0 | AG33: 0 | AH33: 0.21645707 | AI33: 0 | AK33: =A33 -> 16 | AL33: 0 | AM33: 1 | AO33: 16 | AP33: 1 | AQ33: 0.35125515 | AR33: 12.28198 | AS33: 8 | AT33: 10
A34: 17 | B34: 0 | C34: 1.3230324 | D34: 10.621203 | E34: 8 | F34: 10 | G34: 0.5 | H34: 1 | I34: 0 | J34: 15.609906 | K34: 0 | L34: 2.1183654 | M34: 19.647689 | N34: 9.0264857 | O34: 17 | P34: 8 | Q34: 9 | R34: 98.803172 | S34: 160.91798 | T34: 17 | U34: 31 | V34: 5.8119479 | W34: 5.1908859 | X34: 0 | Y34: 0 | Z34: 0 | AA34: 9.0264857 | AB34: 0 | AC34: 0 | AD34: 0 | AE34: 1 | AF34: 0 | AG34: 0 | AH34: 0 | AI34: 1.6772451 | AK34: =A34 -> 17 | AL34: 1 | AM34: 0 | AO34: 17 | AP34: 1 | AQ34: 0.35318657 | AR34: 12.635167 | AS34: 10 | AT34: 10
A35: 18 | B35: 0 | C35: 0.1604491 | D35: 10.781653 | E35: 8 | F35: 12 | G35: 0.5 | H35: 0 | I35: 1.8329022 | J35: 17.442808 | K35: 6.6611552 | L35: 0 | M35: 19.647689 | N35: 0 | O35: 18 | P35: 9 | Q35: 9 | R35: 131.72228 | S35: 130.6827 | T35: 25 | U35: 23 | V35: 5.2688893 | W35: 5.6818317 | X35: 0 | Y35: 6.6611552 | Z35: 0 | AA35: 0 | AB35: 0 | AC35: 1 | AD35: 0 | AE35: 0 | AF35: 0 | AG35: 2.552012 | AH35: 0 | AI35: 0 | AK35: =A35 -> 18 | AL35: 2 | AM35: 2 | AO35: 18 | AP35: 0 | AQ35: 0.6298199 | AR35: 13.264987 | AS35: 12 | AT35: 8
... A1017: 1000 | B1017: 0 | C1017: 0.53479675 | D1017: 1085.4564 | E1017: 6 | F1017: 2 | G1017: 0.5 | H1017: 0 | I1017: 1.9438294 | J1017: 1089.9964 | K1017: 4.5400293 | L1017: 0 | M1017: 1085.4564 | N1017: 0 | O1017: 1000 | P1017: 503 | Q1017: 497 | R1017: 821.74594 | S1017: 1233.656 | T1017: 23 | U1017: 25 | V1017: 35.728069 | W1017: 49.346041 | X1017: 0 | Y1017: 4.5400293 | Z1017: 0 | AA1017: 0 | AB1017: 0 | AC1017: 1 | AD1017: 0 | AE1017: 0 | AF1017: 0 | AG1017: 13.828192 | AH1017: 0 | AI1017: 0 | AK1017: =A1017 -> 1000 | AL1017: 2 | AM1017: 1 | AO1017: 1000 | AP1017: 0 | AQ1017: 0.083935953 | AR1017: 908.4527 | AS1017: 102 | AT1017: 100
AF1018: 0 | AG1018: 0 | AH1018: 0 | AI1018: 0
A1019: SUMS | B1019: 495 | C1019: 1085.4564 | D1019: 539128.96 | E1019: 9168 | F1019: 9024 | G1019: 500 | H1019: 497 | I1019: 1008.6575 | J1019: 546472.73 | K1019: 3948.8236 | L1019: 991.97662 | M1019: 546248.18 | N1019: 3851.0628 | O1019: 500500 | P1019: 252585 | Q1019: 247915 | R1019: 608213.22 | S1019: 607666.77 | T1019: 24015 | U1019: 23985 | V1019: 25315.706 | W1019: 25299.761 | X1019: 1834.6074 | Y1019: 2114.2162 | Z1019: 1925.944 | AA1019: 1925.1188 | AB1019: 247 | AC1019: 256 | AD1019: 248 | AE1019: 249 | AF1019: 0 | AG1019: 0 | AH1019: 0 | AI1019: 0
A1020: AVERAGES | C1020: 1.0854564 | E1020: 18.22664 | F1020: 18.156942 | G1020: 0.5 | H1020: 0.497 | T1020: 24.015 | U1020: 23.985 | X1020: 7.4275601 | Y1020: 8.258657 | Z1020: 7.7659033 | AA1020: 7.7314008
T1021: 3.4311146 | U1021: 3.4311146
A1022: CUMULATIVE SUMS | B1022: 41536 | C1022: 47268.179 | D1022: 23581494 | E1022: 1283098 | F1022: 1282996 | G1022: 24000 | H1022: 23985 | I1022: 48037.092 | J1022: 24772722 | K1022: 608213.22 | L1022: 47980.728 | M1022: 24772347 | N1022: 607666.77 | O1022: 24024000 | P1022: 12022945 | Q1022: 12001055 | R1022: 17339783 | S1022: 17321885 | T1022: 588333 | U1022: 587667 | V1022: 1392069.2 | W1022: 1389517 | X1022: 580225.65 | Y1022: 27987.57 | Z1022: 580642.5 | AA1022: 27024.272 | AB1022: 20782 | AC1022: 3233 | AD1022: 20754 | AE1022: 3231
A1023: CUMULATIVE AVGS | X1023: 27.919625 | Y1023: 8.6568419 | Z1023: 27.977378 | AA1023: 8.3640582
A1026: RESULTS | B1026: TOTAL | C1026: TOTAL | D1026: TOTAL | E1026: TOTAL | F1026: TOTAL | G1026: FREEWAY | H1026: FREEWAY | I1026: ARTERIAL | J1026: ARTERIAL | AF1026: FREEWAY | AG1026: FREEWAY | AH1026: ARTERIAL | AI1026: ARTERIAL
B1027: FREEWAY | C1027: ARTERIAL | D1027: TOTAL | E1027: INFORMED | F1027: UNINFORMED | G1027: INFORMED | H1027: UNINFORMED | I1027: INFORMED | J1027: UNINFORMED | AF1027: INFORMED | AG1027: UNINFORMED | AH1027: INFORMED | AI1027: UNINFORMED
A1028: TOT. DELAY = | B1028: 3948.8236 | C1028: 3851.0628 | D1028: 7799.8864 | E1028: 3760.5514 | F1028: 4039.335 | G1028: 1834.6074 | H1028: 2114.2162 | I1028: 1925.944 | J1028: 1925.1188 | K1028: secs. | AE1028: Std Dev | AF1028: 5.9335533 | AG1028: 5.9293495 | AH1028: 5.9848794 | AI1028: 5.7023986
A1029: N | B1029: 503 | C1029: 497 | D1029: 1000 | E1029: 495 | F1029: 505 | G1029: 247 | H1029: 256 | I1029: 248 | J1029: 249 | AE1029: N | AF1029: 247 | AG1029: 256 | AH1029: 248 | AI1029: 249
A1030: AVG.DELAY | B1030: 7.8505439 | C1030: 7.7486173 | D1030: 7.7998864 | E1030: 7.5970735 | F1030: 7.9986832 | G1030: 7.4275601 | H1030: 8.258657 | I1030: 7.7659033 | J1030: 7.7314008
A1031: CUM TOT. DELAY | B1031: 608213.22 | C1031: 607666.77 | D1031: 1215880 | E1031: 1160868.1 | F1031: 55011.842 | G1031: 580225.65 | H1031: 27987.57 | I1031: 580642.5 | J1031: 27024.272 | K1031: secs. | AE1031: CUM | AF1031: 307463.1 | AG1031: =#REF! -> #DIV/0! | AH1031: 306953.03 | AI1031: =#REF! -> #DIV/0!
A1032: CUM N | B1032: 24015 | C1032: 23985 | D1032: 48000 | E1032: 41536 | F1032: 6464 | G1032: 20782 | H1032: 3233 | I1032: 20754 | J1032: 3231 | AF1032: 20782 | AG1032: 3233 | AH1032: 20754 | AI1032: 3231
A1033: CUM. AVG. DELAY | B1033: 25.326388 | C1033: 25.335283 | D1033: 25.330833 | E1033: 27.948482 | F1033: 8.5104953 | G1033: 27.919625 | H1033: 8.6568419 | I1033: 27.977378 | J1033: 8.3640582 | AE1033: AVG. CUM Std Dev | AF1033: 14.794683 | AG1033: =#REF! -> #DIV/0! | AH1033: 14.790066 | AI1033: =#REF! -> #DIV/0!

Sheet QUEUE
A1: THE VALUE OF INFORMATION: QUEUEING MODEL | F1: RESET (1=Y,0=N) | G1: 0
A2: Poisson arrival rate (cust/sec) = | D2: 1.05 | F2: ITERATION | G2: =IF(RESET=1,0,G2+1) -> #N/A
A3: Freeway Service time mean (sec) = | D3: 2
A4: Arterial Service time mean (sec) = | D4: 2
A5: Freeway Service time range (sec) = | D5: 0.5
A6: Demand Coefficient = | D6: -0.15
A7: Alternate Time (sec) | D7: 0
A8: Percent Informed | D8: 0.5
A10: Percent Arterial (RESULT) | D10: =AVERAGE(H18:H1017) -> 0.50097087
A11: Percent Informed (RESULT) | D11: =AVERAGE(B18:B1017) -> 0.4815534
E14: EXPECTED | F14: EXPECTED | G14: ART. | I14: FREEWAY | J14: FREEWAY | K14: FREEWAY | L14: ARTERIAL | M14: ARTERIAL | N14: ARTERIAL | R14: CUMULATIVE | S14: CUMULATIVE | T14: CUMULATIVE | U14: CUMULATIVE | V14: AVERAGE | W14: AVERAGE | X14: INFORMED | Y14: UNINFORMED | Z14: INFORMED | AA14: UNINFORMED | AB14: INFORMED | AC14: UNINFORMED | AD14: INFORMED | AE14: UNINFORMED | AF14: (X-E(X))^2 | AG14: (X-E(X))^2 | AH14: (X-E(X))^2 | AI14: (X-E(X))^2
A15: CUSTOMER | B15: (1=Y,0=N) | C15: ARRIVAL | D15: ARRIVAL | E15: FREEWAY | F15: ARTERIAL | G15: Uninform | H15: F/A | I15: SERVICE | J15: DEPARTURE | K15: DELAY | L15: SERVICE | M15: DEPARTURE | N15: DELAY | O15: CUSTOMER | P15: Freeway | Q15: Arterial | R15: ACTUAL | S15: ACTUAL | T15: ACTUAL | U15: ACTUAL | V15: FREEWAY | W15: ARTERIAL | X15: FREEWAY | Y15: FREEWAY | Z15: ARTERIAL | AA15: ARTERIAL | AB15: FREEWAY | AC15: FREEWAY | AD15: ARTERIAL | AE15: ARTERIAL | AF15: FREEWAY | AG15: FREEWAY | AH15: ARTERIAL | AI15: ARTERIAL
A16: # | C16: HEADWAY | D16: TIME | E16: DELAY | F16: DELAY | G16: SPLIT | H16: F=0,A=1 | I16: TIME | J16: TIME | K16: TIME | L16: TIME | M16: TIME | N16: TIME | O16: # | P16: # | Q16: # | R16: FWY DELAY | S16: ART DELAY | T16: FWY USERS | U16: ART USERS | V16: DELAY | W16: DELAY | X16: DELAY | Y16: DELAY | Z16: DELAY | AA16: DELAY | AB16: USERS | AC16: USERS | AD16: USERS | AE16: USERS | AF16: INFORMED | AG16: UNINFORMED | AH16: INFORMED | AI16: UNINFORMED
B17: Informed | H17: Arterial
A18: 1 | B18: =IF(RAND()<$D$8,1,0) -> 1 | C18: 0 | D18: 0 | E18: 0 | F18: 0 | G18: 0.5 | H18: 0 | I18: =IF((H18=1),0,$D$3+$D$5*(RAND()-0.5)) -> 1.9857545 | J18: =I18 -> 1.9857545 | K18: =IF((H18=0),J18-D18,0) -> 1.9857545 | L18: =IF(($H18=0),0,$D$4+$D$5*(RAND()-0.5)) -> 0 | M18: =L18 -> 0 | N18: =IF((H18=1),M18-D18,0) -> 0 | O18: 1 | P18: =IF((Arterial=0),P17+1,P17) -> 1 | Q18: =IF((Arterial=1),Q17+1,Q17) -> 0 | R18: =IF((RESET=1),0,R18+K18) -> #N/A | S18: =IF(RESET=1,0,S18+N18) -> 0 | T18: =IF(RESET=1,0,T18+IF(H18=0,1,0)) -> #N/A | U18: =IF(RESET=1,0,U18+H18) -> 0 | V18: =R18/(T18+0.00001) -> #N/A | W18: =S18/(U18+0.0001) -> 0 | X18: =IF(Informed=1,K18,0) -> 1.9857545 | Y18: =IF(Informed=0,K18,0) -> 0 | Z18: =IF(Informed=1,N18,0) -> 0 | AA18: =IF(Informed=0,N18,0) -> 0 | AB18: =IF(Arterial=0,IF(Informed=1,1,0),0) -> 1 | AC18: =IF(Arterial=0,IF(Informed=0,1,0),0) -> 0 | AD18: =IF(Arterial=1,IF(Informed=1,1,0),0) -> 0 | AE18: =IF(Arterial=1,IF(Informed=0,1,0),0) -> 0 | AF18: =IF(AB18=1,(X18-G$1030)^2,0) -> 3.9432208 | AG18: =IF(AC18=1,(Y18-H$1030)^2,0) -> 0 | AH18: =IF(AD18=1,(Z18-I$1030)^2,0) -> 0 | AI18: =IF(AE18=1,(AA18-J$1030)^2,0) -> 0
A19: 2 | B19: =IF(RAND()<$D$8,1,0) -> 0 | C19: =-LN(RAND())/$D$2 -> 2.9704351 | D19: =D18+C19 -> 2.9704351 | E19: 0 | F19: 0 | G19: 0.5 | H19: =IF((B19=1),(IF((F19<E19),1,(IF((F19=E19),(IF(RAND()<G19,1,0)),0)))),(IF((RAND()<G19),1,0))) -> 0 | I19: =IF((H19=1),0,$D$3+$D$5*(RAND()-0.5)) -> 1.9929124 | J19: =I19+MAX(D19,J18) -> 4.9633476 | K19: =IF((H19=0),J19-D19,0) -> 1.9929124 | L19: =IF(($H19=0),0,$D$4+$D$5*(RAND()-0.5)) -> 0 | M19: =L19+MAX(D19,M18) -> 2.9704351 | N19: =IF((H19=1),M19-D19,0) -> 0 | O19: 2 | P19: =IF((Arterial=0),P18+1,P18) -> 2 | Q19: =IF((Arterial=1),Q18+1,Q18) -> 0 | R19: =IF((RESET=1),0,R19+K19) -> #N/A | S19: =IF(RESET=1,0,S19+N19) -> 64.23276 | T19: =IF(RESET=1,0,T19+IF(H19=0,1,0)) -> #N/A | U19: =IF(RESET=1,0,U19+H19) -> 31 | V19: =R19/(T19+0.00001) -> #N/A | W19: =S19/(U19+0.0001) -> 2.0720178 | X19: =IF(Informed=1,K19,0) -> 0 | Y19: =IF(Informed=0,K19,0) -> 1.9929124 | Z19: =IF(Informed=1,N19,0) -> 0 | AA19: =IF(Informed=0,N19,0) -> 0 | AB19: =IF(Arterial=0,IF(Informed=1,1,0),0) -> 0 | AC19: =IF(Arterial=0,IF(Informed=0,1,0),0) -> 1 | AD19: =IF(Arterial=1,IF(Informed=1,1,0),0) -> 0 | AE19: =IF(Arterial=1,IF(Informed=0,1,0),0) -> 0 | AF19: =IF(AB19=1,(X19-G$1030)^2,0) -> 0 | AG19: =IF(AC19=1,(Y19-H$1030)^2,0) -> 3.9716999 | AH19: =IF(AD19=1,(Z19-I$1030)^2,0) -> 0 | AI19: =IF(AE19=1,(AA19-J$1030)^2,0) -> 0
A20: 3 | B20: =IF(RAND()<$D$8,1,0) -> 1 | C20: =-LN(RAND())/$D$2 -> 2.3684339 | D20: =D19+C20 -> 5.3388691 | E20: 0 | F20: 0 | G20: 0.5 | H20: =IF((B20=1),(IF((F20<E20),1,(IF((F20=E20),(IF(RAND()<G20,1,0)),0)))),(IF((RAND()<G20),1,0))) -> 0 | I20: =IF((H20=1),0,$D$3+$D$5*(RAND()-0.5)) -> 1.7569395 | J20: =I20+MAX(D20,J19) -> 7.0958086 | K20: =IF((H20=0),J20-D20,0) -> 1.7569395 | L20: =IF(($H20=0),0,$D$4+$D$5*(RAND()-0.5)) -> 0 | M20: =L20+MAX(D20,M19) -> 5.3388691 | N20: =IF((H20=1),M20-D20,0) -> 0 | O20: 3 | P20: =IF((Arterial=0),P19+1,P19) -> 3 | Q20: =IF((Arterial=1),Q19+1,Q19) -> 0 | R20: =IF((RESET=1),0,R20+K20) -> #N/A | S20: =IF(RESET=1,0,S20+N20) -> 80.820632 | T20: =IF(RESET=1,0,T20+IF(H20=0,1,0)) -> #N/A | U20: =IF(RESET=1,0,U20+H20) -> 29 | V20: =R20/(T20+0.00001) -> #N/A | W20: =S20/(U20+0.0001) -> 2.7869087 | X20: =IF(Informed=1,K20,0) -> 1.7569395 | Y20: =IF(Informed=0,K20,0) -> 0 | Z20: =IF(Informed=1,N20,0) -> 0 | AA20: =IF(Informed=0,N20,0) -> 0 | AB20: =IF(Arterial=0,IF(Informed=1,1,0),0) -> 1 | AC20: =IF(Arterial=0,IF(Informed=0,1,0),0) -> 0 | AD20: =IF(Arterial=1,IF(Informed=1,1,0),0) -> 0 | AE20: =IF(Arterial=1,IF(Informed=0,1,0),0) -> 0 | AF20: =IF(AB20=1,(X20-G$1030)^2,0) -> 3.0868365 | AG20: =IF(AC20=1,(Y20-H$1030)^2,0) -> 0 | AH20: =IF(AD20=1,(Z20-I$1030)^2,0) -> 0 | AI20: =IF(AE20=1,(AA20-J$1030)^2,0) -> 0
A21: 4 | B21: =IF(RAND()<$D$8,1,0) -> 0 | C21: =-LN(RAND())/$D$2 -> 0.16751371 | D21: =D20+C21 -> 5.5063828 | E21: 0 | F21: 0 | G21: 0.5 | H21: =IF((B21=1),(IF((F21<E21),1,(IF((F21=E21),(IF(RAND()<G21,1,0)),0)))),(IF((RAND()<G21),1,0))) -> 1 | I21: =IF((H21=1),0,$D$3+$D$5*(RAND()-0.5)) -> 0 | J21: =I21+MAX(D21,J20) -> 7.0958086 | K21: =IF((H21=0),J21-D21,0) -> 0 | L21: =IF(($H21=0),0,$D$4+$D$5*(RAND()-0.5)) -> 2.081044 | M21: =L21+MAX(D21,M20) -> 7.5874268 | N21: =IF((H21=1),M21-D21,0) -> 2.081044 | O21: 4 | P21: =IF((Arterial=0),P20+1,P20) -> 3 | Q21: =IF((Arterial=1),Q20+1,Q20) -> 1 | R21: =IF((RESET=1),0,R21+K21) -> 87.454939 | S21: =IF(RESET=1,0,S21+N21) -> #N/A | T21: =IF(RESET=1,0,T21+IF(H21=0,1,0)) -> 27 | U21: =IF(RESET=1,0,U21+H21) -> #N/A | V21: =R21/(T21+0.00001) -> 3.2390706 | W21: =S21/(U21+0.0001) -> #N/A | X21: =IF(Informed=1,K21,0) -> 0 | Y21: =IF(Informed=0,K21,0) -> 0 | Z21: =IF(Informed=1,N21,0) -> 0 | AA21: =IF(Informed=0,N21,0) -> 2.081044 | AB21: =IF(Arterial=0,IF(Informed=1,1,0),0) -> 0 | AC21: =IF(Arterial=0,IF(Informed=0,1,0),0) -> 0 | AD21: =IF(Arterial=1,IF(Informed=1,1,0),0) -> 0 | AE21: =IF(Arterial=1,IF(Informed=0,1,0),0) -> 1 | AF21: =IF(AB21=1,(X21-G$1030)^2,0) -> 0 | AG21: =IF(AC21=1,(Y21-H$1030)^2,0) -> 0 | AH21: =IF(AD21=1,(Z21-I$1030)^2,0) -> 0 | AI21: =IF(AE21=1,(AA21-J$1030)^2,0) -> 4.3307441
A22: 5 | B22: =IF(RAND()<$D$8,1,0) -> 1 | C22: =-LN(RAND())/$D$2 -> 0.83505593 | D22: =D21+C22 -> 6.3414387 | E22: 0 | F22: 0 | G22: 0.5 | H22: =IF((B22=1),(IF((F22<E22),1,(IF((F22=E22),(IF(RAND()<G22,1,0)),0)))),(IF((RAND()<G22),1,0))) -> 1 | I22: =IF((H22=1),0,$D$3+$D$5*(RAND()-0.5)) -> 0 | J22: =I22+MAX(D22,J21) -> 7.0958086 | K22: =IF((H22=0),J22-D22,0) -> 0 | L22: =IF(($H22=0),0,$D$4+$D$5*(RAND()-0.5)) -> 1.7707912 | M22: =L22+MAX(D22,M21) -> 9.358218 | N22: =IF((H22=1),M22-D22,0) -> 3.0167793 | O22: 5 | P22: =IF((Arterial=0),P21+1,P21) -> 3 | Q22: =IF((Arterial=1),Q21+1,Q21) -> 2 | R22: =IF((RESET=1),0,R22+K22) -> 115.76687 | S22: =IF(RESET=1,0,S22+N22) -> #N/A | T22: =IF(RESET=1,0,T22+IF(H22=0,1,0)) -> 31 | U22: =IF(RESET=1,0,U22+H22) -> #N/A | V22: =R22/(T22+0.00001) -> 3.7344139 | W22: =S22/(U22+0.0001) -> #N/A | X22: =IF(Informed=1,K22,0) -> 0 | Y22: =IF(Informed=0,K22,0) -> 0 | Z22: =IF(Informed=1,N22,0) -> 3.0167793 | AA22: =IF(Informed=0,N22,0) -> 0 | AB22: =IF(Arterial=0,IF(Informed=1,1,0),0) -> 0 | AC22: =IF(Arterial=0,IF(Informed=0,1,0),0) -> 0 | AD22: =IF(Arterial=1,IF(Informed=1,1,0),0) -> 1 | AE22: =IF(Arterial=1,IF(Informed=0,1,0),0) -> 0 | AF22: =IF(AB22=1,(X22-G$1030)^2,0) -> 0 | AG22: =IF(AC22=1,(Y22-H$1030)^2,0) -> 0 | AH22: =IF(AD22=1,(Z22-I$1030)^2,0) -> 9.1009572 | AI22: =IF(AE22=1,(AA22-J$1030)^2,0) -> 0
A23: 6 | B23: =IF(RAND()<$D$8,1,0) -> 1 | C23: =-LN(RAND())/$D$2 -> 0.72711994 | D23: =D22+C23 -> 7.0685587 | E23: 0 | F23: 0 | G23: 0.5 | H23: =IF((B23=1),(IF((F23<E23),1,(IF((F23=E23),(IF(RAND()<G23,1,0)),0)))),(IF((RAND()<G23),1,0))) -> 1 | I23: =IF((H23=1),0,$D$3+$D$5*(RAND()-0.5)) -> 0 | J23: =I23+MAX(D23,J22) -> 7.0958086 | K23: =IF((H23=0),J23-D23,0) -> 0 | L23: =IF(($H23=0),0,$D$4+$D$5*(RAND()-0.5)) -> 2.1376267 | M23: =L23+MAX(D23,M22) -> 11.495845 | N23: =IF((H23=1),M23-D23,0) -> 4.427286 | O23: 6 | P23: =IF((Arterial=0),P22+1,P22) -> 3 | Q23: =IF((Arterial=1),Q22+1,Q22) -> 3 | R23: =IF((RESET=1),0,R23+K23) -> 97.297125 | S23: =IF(RESET=1,0,S23+N23) -> #N/A | T23: =IF(RESET=1,0,T23+IF(H23=0,1,0)) -> 25 | U23: =IF(RESET=1,0,U23+H23) -> #N/A | V23: =R23/(T23+0.00001) -> 3.8918834 | W23: =S23/(U23+0.0001) -> #N/A | X23: =IF(Informed=1,K23,0) -> 0 | Y23: =IF(Informed=0,K23,0) -> 0 | Z23: =IF(Informed=1,N23,0) -> 4.427286 | AA23: =IF(Informed=0,N23,0) -> 0 | AB23: =IF(Arterial=0,IF(Informed=1,1,0),0) -> 0 | AC23: =IF(Arterial=0,IF(Informed=0,1,0),0) -> 0 | AD23: =IF(Arterial=1,IF(Informed=1,1,0),0) -> 1 | AE23: =IF(Arterial=1,IF(Informed=0,1,0),0) -> 0 | AF23: =IF(AB23=1,(X23-G$1030)^2,0) -> 0 | AG23: =IF(AC23=1,(Y23-H$1030)^2,0) -> 0 | AH23: =IF(AD23=1,(Z23-I$1030)^2,0) -> 19.600861 | AI23: =IF(AE23=1,(AA23-J$1030)^2,0) -> 0
A24: 7 | B24: =IF(RAND()<$D$8,1,0) -> 1 | C24: =-LN(RAND())/$D$2 -> 2.2153636 | D24: =D23+C24 -> 9.2839223 | E24: 0 | F24: 0 | G24: 0.5 | H24: =IF((B24=1),(IF((F24<E24),1,(IF((F24=E24),(IF(RAND()<G24,1,0)),0)))),(IF((RAND()<G24),1,0))) -> 1 | I24: =IF((H24=1),0,$D$3+$D$5*(RAND()-0.5)) -> 0 | J24: =I24+MAX(D24,J23) -> 9.2839223 | K24: =IF((H24=0),J24-D24,0) -> 0 | L24: =IF(($H24=0),0,$D$4+$D$5*(RAND()-0.5)) -> 1.9570541 | M24: =L24+MAX(D24,M23) -> 13.452899 | N24: =IF((H24=1),M24-D24,0) -> 4.1689765 | O24: 7 | P24: =IF((Arterial=0),P23+1,P23) -> 3 | Q24: =IF((Arterial=1),Q23+1,Q23) -> 4 | R24: =IF((RESET=1),0,R24+K24) -> 135.58843 | S24: =IF(RESET=1,0,S24+N24) -> #N/A | T24: =IF(RESET=1,0,T24+IF(H24=0,1,0)) -> 30 | U24: =IF(RESET=1,0,U24+H24) -> #N/A | V24: =R24/(T24+0.00001) -> 4.5196127 | W24: =S24/(U24+0.0001) -> #N/A | X24: =IF(Informed=1,K24,0) -> 0 | Y24: =IF(Informed=0,K24,0) -> 0 | Z24: =IF(Informed=1,N24,0) -> 4.1689765 | AA24: =IF(Informed=0,N24,0) -> 0 | AB24: =IF(Arterial=0,IF(Informed=1,1,0),0) -> 0 | AC24: =IF(Arterial=0,IF(Informed=0,1,0),0) -> 0 | AD24: =IF(Arterial=1,IF(Informed=1,1,0),0) -> 1 | AE24: =IF(Arterial=1,IF(Informed=0,1,0),0) -> 0 | AF24: =IF(AB24=1,(X24-G$1030)^2,0) -> 0 | AG24: =IF(AC24=1,(Y24-H$1030)^2,0) -> 0 | AH24: =IF(AD24=1,(Z24-I$1030)^2,0) -> 17.380365 | AI24: =IF(AE24=1,(AA24-J$1030)^2,0) -> 0
A25: 8 | B25: =IF(RAND()<$D$8,1,0) -> 0 | C25: =-LN(RAND())/$D$2 -> 1.2095375 | D25: =D24+C25 -> 10.49346 | E25: 0 | F25: 0 | G25: 0.5 | H25: =IF((B25=1),(IF((F25<E25),1,(IF((F25=E25),(IF(RAND()<G25,1,0)),0)))),(IF((RAND()<G25),1,0))) -> 1 | I25: =IF((H25=1),0,$D$3+$D$5*(RAND()-0.5)) -> 0 | J25: =I25+MAX(D25,J24) -> 10.49346 | K25: =IF((H25=0),J25-D25,0) -> 0 | L25: =IF(($H25=0),0,$D$4+$D$5*(RAND()-0.5)) -> 2.2382118 | M25: =L25+MAX(D25,M24) -> 15.691111 | N25: =IF((H25=1),M25-D25,0) -> 5.1976508 | O25: 8 | P25: =IF((Arterial=0),P24+1,P24) -> 3 | Q25: =IF((Arterial=1),Q24+1,Q24) -> 5 | R25: =IF((RESET=1),0,R25+K25) -> 107.37489 | S25: =IF(RESET=1,0,S25+N25) -> #N/A | T25: =IF(RESET=1,0,T25+IF(H25=0,1,0)) -> 25 | U25: =IF(RESET=1,0,U25+H25) -> #N/A | V25: =R25/(T25+0.00001) -> 4.2949941 | W25: =S25/(U25+0.0001) -> #N/A | X25: =IF(Informed=1,K25,0) -> 0 | Y25: =IF(Informed=0,K25,0) -> 0 | Z25: =IF(Informed=1,N25,0) -> 0 | AA25: =IF(Informed=0,N25,0) -> 5.1976508 | AB25: =IF(Arterial=0,IF(Informed=1,1,0),0) -> 0 | AC25: =IF(Arterial=0,IF(Informed=0,1,0),0) -> 0 | AD25: =IF(Arterial=1,IF(Informed=1,1,0),0) -> 0 | AE25: =IF(Arterial=1,IF(Informed=0,1,0),0) -> 1 | AF25: =IF(AB25=1,(X25-G$1030)^2,0) -> 0 | AG25: =IF(AC25=1,(Y25-H$1030)^2,0) -> 0 | AH25: =IF(AD25=1,(Z25-I$1030)^2,0) -> 0 | AI25: =IF(AE25=1,(AA25-J$1030)^2,0) -> 27.015573
A26: 9 | B26: =IF(RAND()<$D$8,1,0) -> 0 | C26: =-LN(RAND())/$D$2 -> 0.071895511 | D26: =D25+C26 -> 10.565355 | E26: 0 | F26: 0 | G26: 0.5 | H26: =IF((B26=1),(IF((F26<E26),1,(IF((F26=E26),(IF(RAND()<G26,1,0)),0)))),(IF((RAND()<G26),1,0))) -> 0 | I26: =IF((H26=1),0,$D$3+$D$5*(RAND()-0.5)) -> 1.8726685 | J26: =I26+MAX(D26,J25) -> 12.438024 | K26: =IF((H26=0),J26-D26,0) -> 1.8726685 | L26: =IF(($H26=0),0,$D$4+$D$5*(RAND()-0.5)) -> 0 | M26: =L26+MAX(D26,M25) -> 15.691111 | N26: =IF((H26=1),M26-D26,0) -> 0 | O26: 9 | P26: =IF((Arterial=0),P25+1,P25) -> 4 | Q26: =IF((Arterial=1),Q25+1,Q25) -> 5 | R26: =IF((RESET=1),0,R26+K26) -> #N/A | S26: =IF(RESET=1,0,S26+N26) -> 129.12272 | T26: =IF(RESET=1,0,T26+IF(H26=0,1,0)) -> #N/A | U26: =IF(RESET=1,0,U26+H26) -> 28 | V26: =R26/(T26+0.00001) -> #N/A | W26: =S26/(U26+0.0001) -> 4.6115093 | X26: =IF(Informed=1,K26,0) -> 0 | Y26: =IF(Informed=0,K26,0) -> 1.8726685 | Z26: =IF(Informed=1,N26,0) -> 0 | AA26: =IF(Informed=0,N26,0) -> 0 | AB26: =IF(Arterial=0,IF(Informed=1,1,0),0) -> 0 | AC26: =IF(Arterial=0,IF(Informed=0,1,0),0) -> 1 | AD26: =IF(Arterial=1,IF(Informed=1,1,0),0) -> 0 | AE26: =IF(Arterial=1,IF(Informed=0,1,0),0) -> 0 | AF26: =IF(AB26=1,(X26-G$1030)^2,0) -> 0 | AG26: =IF(AC26=1,(Y26-H$1030)^2,0) -> 3.5068872 | AH26: =IF(AD26=1,(Z26-I$1030)^2,0) -> 0 | AI26: =IF(AE26=1,(AA26-J$1030)^2,0) -> 0
A27: 10 | B27: =IF(RAND()<$D$8,1,0) -> 0 | C27: =-LN(RAND())/$D$2 -> 1.5631917 | D27: =D26+C27 -> 12.128547 | E27: 0 | F27: 0 | G27: 0.5 | H27: =IF((B27=1),(IF((F27<E27),1,(IF((F27=E27),(IF(RAND()<G27,1,0)),0)))),(IF((RAND()<G27),1,0))) -> 0 | I27: =IF((H27=1),0,$D$3+$D$5*(RAND()-0.5)) -> 2.1440705 | J27: =I27+MAX(D27,J26) -> 14.582094 | K27: =IF((H27=0),J27-D27,0) -> 2.4535473 | L27: =IF(($H27=0),0,$D$4+$D$5*(RAND()-0.5)) -> 0 | M27: =L27+MAX(D27,M26) -> 15.691111 | N27: =IF((H27=1),M27-D27,0) -> 0 | O27: 10 | P27: =IF((Arterial=0),P26+1,P26) -> 5 | Q27: =IF((Arterial=1),Q26+1,Q26) -> 5 | R27: =IF((RESET=1),0,R27+K27) -> #N/A | S27: =IF(RESET=1,0,S27+N27) -> 114.00854 | T27: =IF(RESET=1,0,T27+IF(H27=0,1,0)) -> #N/A | U27: =IF(RESET=1,0,U27+H27) -> 26 | V27: =R27/(T27+0.00001) -> #N/A | W27: =S27/(U27+0.0001) -> 4.3849271 | X27: =IF(Informed=1,K27,0) -> 0 | Y27: =IF(Informed=0,K27,0) -> 2.4535473 | Z27: =IF(Informed=1,N27,0) -> 0 | AA27: =IF(Informed=0,N27,0) -> 0 | AB27: =IF(Arterial=0,IF(Informed=1,1,0),0) -> 0 | AC27: =IF(Arterial=0,IF(Informed=0,1,0),0) -> 1 | AD27: =IF(Arterial=1,IF(Informed=1,1,0),0) -> 0 | AE27: =IF(Arterial=1,IF(Informed=0,1,0),0) -> 0 | AF27: =IF(AB27=1,(X27-G$1030)^2,0) -> 0 | AG27: =IF(AC27=1,(Y27-H$1030)^2,0) -> 6.0198944 | AH27: =IF(AD27=1,(Z27-I$1030)^2,0) -> 0 | AI27: =IF(AE27=1,(AA27-J$1030)^2,0) -> 0
A28: 11 | B28: =IF(RAND()<$D$8,1,0) -> 0 | C28: =-LN(RAND())/$D$2 -> 0.55515256 | D28: =D27+C28 -> 12.6837 | E28: =MAX($D$3,(1+P27-VLOOKUP(VALUE(D28),$J$18:$Q27,7,TRUE()))*$D$3) -> 4 | F28: =MAX($D$4,(1+Q27-VLOOKUP(VALUE(D28),$M$18:$Q27,5,TRUE()))*$D$4) -> 6 | G28: 0.5 | H28: =IF((B28=1),(IF((F28<E28),1,(IF((F28=E28),(IF(RAND()<G28,1,0)),0)))),(IF((RAND()<G28),1,0))) -> 1 | I28: =IF((H28=1),0,$D$3+$D$5*(RAND()-0.5)) -> 0 | J28: =I28+MAX(D28,J27) -> 14.582094 | K28: =IF((H28=0),J28-D28,0) -> 0 | L28: =IF(($H28=0),0,$D$4+$D$5*(RAND()-0.5)) -> 2.093531 | M28: =L28+MAX(D28,M27) -> 17.784641 | N28: =IF((H28=1),M28-D28,0) -> 5.100942 | O28: 11 | P28: =IF((Arterial=0),P27+1,P27) -> 5 | Q28: =IF((Arterial=1),Q27+1,Q27) -> 6 | R28: =IF((RESET=1),0,R28+K28) -> 89.556416 | S28: =IF(RESET=1,0,S28+N28) -> #N/A | T28: =IF(RESET=1,0,T28+IF(H28=0,1,0)) -> 25 | U28: =IF(RESET=1,0,U28+H28) -> #N/A | V28: =R28/(T28+0.00001) -> 3.5822552 | W28: =S28/(U28+0.0001) -> #N/A | X28: =IF(Informed=1,K28,0) -> 0 | Y28: =IF(Informed=0,K28,0) -> 0 | Z28: =IF(Informed=1,N28,0) -> 0 | AA28: =IF(Informed=0,N28,0) -> 5.100942 | AB28: =IF(Arterial=0,IF(Informed=1,1,0),0) -> 0 | AC28: =IF(Arterial=0,IF(Informed=0,1,0),0) -> 0 | AD28: =IF(Arterial=1,IF(Informed=1,1,0),0) -> 0 | AE28: =IF(Arterial=1,IF(Informed=0,1,0),0) -> 1 | AF28: =IF(AB28=1,(X28-G$1030)^2,0) -> 0 | AG28: =IF(AC28=1,(Y28-H$1030)^2,0) -> 0 | AH28: =IF(AD28=1,(Z28-I$1030)^2,0) -> 0 | AI28: =IF(AE28=1,(AA28-J$1030)^2,0) -> 26.019609
A29: 12 | B29: =IF(RAND()<$D$8,1,0) -> 0 | C29: =-LN(RAND())/$D$2 -> 0.29671781 | D29: =D28+C29 -> 12.980417 | E29: =MAX($D$3,(1+P28-VLOOKUP(VALUE(D29),$J$18:$Q28,7,TRUE()))*$D$3) -> 4 | F29: =MAX($D$4,(1+Q28-VLOOKUP(VALUE(D29),$M$18:$Q28,5,TRUE()))*$D$4) -> 8 | G29: 0.5 | H29: =IF((B29=1),(IF((F29<E29),1,(IF((F29=E29),(IF(RAND()<G29,1,0)),0)))),(IF((RAND()<G29),1,0))) -> 1 | I29: =IF((H29=1),0,$D$3+$D$5*(RAND()-0.5)) -> 0 | J29: =I29+MAX(D29,J28) -> 14.582094 | K29: =IF((H29=0),J29-D29,0) -> 0 | L29: =IF(($H29=0),0,$D$4+$D$5*(RAND()-0.5)) -> 1.8439298 | M29: =L29+MAX(D29,M28) -> 19.628571 | N29: =IF((H29=1),M29-D29,0) -> 6.6481539 | O29: 12 | P29: =IF((Arterial=0),P28+1,P28) -> 5 | Q29: =IF((Arterial=1),Q28+1,Q28) -> 7 | R29: =IF((RESET=1),0,R29+K29) -> 110.3992 | S29: =IF(RESET=1,0,S29+N29) -> #N/A | T29: =IF(RESET=1,0,T29+IF(H29=0,1,0)) -> 28 | U29: =IF(RESET=1,0,U29+H29) -> #N/A | V29: =R29/(T29+0.00001) -> 3.9428272 | W29: =S29/(U29+0.0001) -> #N/A | X29: =IF(Informed=1,K29,0) -> 0 | Y29: =IF(Informed=0,K29,0) -> 0 | Z29: =IF(Informed=1,N29,0) -> 0 | AA29: =IF(Informed=0,N29,0) -> 6.6481539 | AB29: =IF(Arterial=0,IF(Informed=1,1,0),0) -> 0 | AC29: =IF(Arterial=0,IF(Informed=0,1,0),0) -> 0 | AD29: =IF(Arterial=1,IF(Informed=1,1,0),0) -> 0 | AE29: =IF(Arterial=1,IF(Informed=0,1,0),0) -> 1 | AF29: =IF(AB29=1,(X29-G$1030)^2,0) -> 0 | AG29: =IF(AC29=1,(Y29-H$1030)^2,0) -> 0 | AH29: =IF(AD29=1,(Z29-I$1030)^2,0) -> 0 | AI29: =IF(AE29=1,(AA29-J$1030)^2,0) -> 44.197951
A30: 13 | B30: =IF(RAND()<$D$8,1,0) -> 0 | C30: =-LN(RAND())/$D$2 -> 0.19322832 | D30: =D29+C30 -> 13.173646 | E30: =MAX($D$3,(1+P29-VLOOKUP(VALUE(D30),$J$18:$Q29,7,TRUE()))*$D$3) -> 4 | F30: =MAX($D$4,(1+Q29-VLOOKUP(VALUE(D30),$M$18:$Q29,5,TRUE()))*$D$4) -> 10 | G30: 0.5 | H30: =IF((B30=1),(IF((F30<E30),1,(IF((F30=E30),(IF(RAND()<G30,1,0)),0)))),(IF((RAND()<G30),1,0))) -> 1 | I30: =IF((H30=1),0,$D$3+$D$5*(RAND()-0.5)) -> 0 | J30: =I30+MAX(D30,J29) -> 14.582094 | K30: =IF((H30=0),J30-D30,0) -> 0 | L30: =IF(($H30=0),0,$D$4+$D$5*(RAND()-0.5)) -> 1.7762551 | M30: =L30+MAX(D30,M29) -> 21.404826 | N30: =IF((H30=1),M30-D30,0) -> 8.2311807 | O30: 13 | P30: =IF((Arterial=0),P29+1,P29) -> 5 | Q30: =IF((Arterial=1),Q29+1,Q29) -> 8 | R30: =IF((RESET=1),0,R30+K30) -> 123.97854 | S30: =IF(RESET=1,0,S30+N30) -> #N/A | T30: =IF(RESET=1,0,T30+IF(H30=0,1,0)) -> 27 | U30: =IF(RESET=1,0,U30+H30) -> #N/A | V30: =R30/(T30+0.00001) -> 4.5917962 | W30: =S30/(U30+0.0001) -> #N/A | X30: =IF(Informed=1,K30,0) -> 0 | Y30: =IF(Informed=0,K30,0) -> 0 | Z30: =IF(Informed=1,N30,0) -> 0 | AA30: =IF(Informed=0,N30,0) -> 8.2311807 | AB30: =IF(Arterial=0,IF(Informed=1,1,0),0) -> 0 | AC30: =IF(Arterial=0,IF(Informed=0,1,0),0) -> 0 | AD30: =IF(Arterial=1,IF(Informed=1,1,0),0) -> 0 | AE30: =IF(Arterial=1,IF(Informed=0,1,0),0) -> 1 | AF30: =IF(AB30=1,(X30-G$1030)^2,0) -> 0 | AG30: =IF(AC30=1,(Y30-H$1030)^2,0) -> 0 | AH30: =IF(AD30=1,(Z30-I$1030)^2,0) -> 0 | AI30: =IF(AE30=1,(AA30-J$1030)^2,0) -> 67.752336
A31: 14 | B31: =IF(RAND()<$D$8,1,0) -> 0 | C31: =-LN(RAND())/$D$2 -> 2.0286419 | D31: =D30+C31 -> 15.202288 | E31: =MAX($D$3,(1+P30-VLOOKUP(VALUE(D31),$J$18:$Q30,7,TRUE()))*$D$3) -> 2 | F31: =MAX($D$4,(1+Q30-VLOOKUP(VALUE(D31),$M$18:$Q30,5,TRUE()))*$D$4) -> 10 | G31: 0.5 | H31: =IF((B31=1),(IF((F31<E31),1,(IF((F31=E31),(IF(RAND()<G31,1,0)),0)))),(IF((RAND()<G31),1,0))) -> 1 | I31: =IF((H31=1),0,$D$3+$D$5*(RAND()-0.5)) -> 0 | J31: =I31+MAX(D31,J30) -> 15.202288 | K31: =IF((H31=0),J31-D31,0) -> 0 | L31: =IF(($H31=0),0,$D$4+$D$5*(RAND()-0.5)) -> 1.8162338 | M31: =L31+MAX(D31,M30) -> 23.22106 | N31: =IF((H31=1),M31-D31,0) -> 8.0187726 | O31: 14 | P31: =IF((Arterial=0),P30+1,P30) -> 5 | Q31: =IF((Arterial=1),Q30+1,Q30) -> 9 | R31: =IF((RESET=1),0,R31+K31) -> 152.5111 | S31: =IF(RESET=1,0,S31+N31) -> #N/A | T31: =IF(RESET=1,0,T31+IF(H31=0,1,0)) -> 32 | U31: =IF(RESET=1,0,U31+H31) -> #N/A | V31: =R31/(T31+0.00001) -> 4.7659704 | W31: =S31/(U31+0.0001) -> #N/A | X31: =IF(Informed=1,K31,0) -> 0 | Y31: =IF(Informed=0,K31,0) -> 0 | Z31: =IF(Informed=1,N31,0) -> 0 | AA31: =IF(Informed=0,N31,0) -> 8.0187726 | AB31: =IF(Arterial=0,IF(Informed=1,1,0),0) -> 0 | AC31: =IF(Arterial=0,IF(Informed=0,1,0),0) -> 0 | AD31: =IF(Arterial=1,IF(Informed=1,1,0),0) -> 0 | AE31: =IF(Arterial=1,IF(Informed=0,1,0),0) -> 1 | AF31: =IF(AB31=1,(X31-G$1030)^2,0) -> 0 | AG31: =IF(AC31=1,(Y31-H$1030)^2,0) -> 0 | AH31: =IF(AD31=1,(Z31-I$1030)^2,0) -> 0 | AI31: =IF(AE31=1,(AA31-J$1030)^2,0) -> 64.300714
A32: 15 | B32: =IF(RAND()<$D$8,1,0) -> 0 | C32: =-LN(RAND())/$D$2 -> 1.0561533 | D32: =D31+C32 -> 16.258441 | E32: =MAX($D$3,(1+P31-VLOOKUP(VALUE(D32),$J$18:$Q31,7,TRUE()))*$D$3) -> 2 | F32: =MAX($D$4,(1+Q31-VLOOKUP(VALUE(D32),$M$18:$Q31,5,TRUE()))*$D$4) -> 10 | G32: 0.5 | H32: =IF((B32=1),(IF((F32<E32),1,(IF((F32=E32),(IF(RAND()<G32,1,0)),0)))),(IF((RAND()<G32),1,0))) -> 1 | I32: =IF((H32=1),0,$D$3+$D$5*(RAND()-0.5)) -> 0 | J32: =I32+MAX(D32,J31) -> 16.258441 | K32: =IF((H32=0),J32-D32,0) -> 0 | L32: =IF(($H32=0),0,$D$4+$D$5*(RAND()-0.5)) -> 2.1683203 | M32: =L32+MAX(D32,M31) -> 25.38938 | N32: =IF((H32=1),M32-D32,0) -> 9.1309396 | O32: 15 | P32: =IF((Arterial=0),P31+1,P31) -> 5 | Q32: =IF((Arterial=1),Q31+1,Q31) -> 10 | R32: =IF((RESET=1),0,R32+K32) -> 160.15488 | S32: =IF(RESET=1,0,S32+N32) -> #N/A | T32: =IF(RESET=1,0,T32+IF(H32=0,1,0)) -> 31 | U32: =IF(RESET=1,0,U32+H32) -> #N/A | V32: =R32/(T32+0.00001) -> 5.1662847 | W32: =S32/(U32+0.0001) -> #N/A | X32: =IF(Informed=1,K32,0) -> 0 | Y32: =IF(Informed=0,K32,0) -> 0 | Z32: =IF(Informed=1,N32,0) -> 0 | AA32: =IF(Informed=0,N32,0) -> 9.1309396 | AB32: =IF(Arterial=0,IF(Informed=1,1,0),0) -> 0 | AC32: =IF(Arterial=0,IF(Informed=0,1,0),0) -> 0 | AD32: =IF(Arterial=1,IF(Informed=1,1,0),0) -> 0 | AE32: =IF(Arterial=1,IF(Informed=0,1,0),0) -> 1 | AF32: =IF(AB32=1,(X32-G$1030)^2,0) -> 0 | AG32: =IF(AC32=1,(Y32-H$1030)^2,0) -> 0 | AH32: =IF(AD32=1,(Z32-I$1030)^2,0) -> 0 | AI32: =IF(AE32=1,(AA32-J$1030)^2,0) -> 83.374058
A33: 16 | B33: =IF(RAND()<$D$8,1,0) -> 0 | C33: =-LN(RAND())/$D$2 -> 0.1821888 | D33: =D32+C33 -> 16.44063 | E33: =MAX($D$3,(1+P32-VLOOKUP(VALUE(D33),$J$18:$Q32,7,TRUE()))*$D$3) -> 2 | F33: =MAX($D$4,(1+Q32-VLOOKUP(VALUE(D33),$M$18:$Q32,5,TRUE()))*$D$4) -> 12 | G33: 0.5 | H33: =IF((B33=1),(IF((F33<E33),1,(IF((F33=E33),(IF(RAND()<G33,1,0)),0)))),(IF((RAND()<G33),1,0))) -> 0 | I33: =IF((H33=1),0,$D$3+$D$5*(RAND()-0.5)) -> 1.7555084 | J33: =I33+MAX(D33,J32) -> 18.196138 | K33: =IF((H33=0),J33-D33,0) -> 1.7555084 | L33: =IF(($H33=0),0,$D$4+$D$5*(RAND()-0.5)) -> 0 | M33: =L33+MAX(D33,M32) -> 25.38938 | N33: =IF((H33=1),M33-D33,0) -> 0 | O33: 16 | P33: =IF((Arterial=0),P32+1,P32) -> 6 | Q33: =IF((Arterial=1),Q32+1,Q32) -> 10 | R33: =IF((RESET=1),0,R33+K33) -> #N/A | S33: =IF(RESET=1,0,S33+N33) -> 134.61414 | T33: =IF(RESET=1,0,T33+IF(H33=0,1,0)) -> #N/A | U33: =IF(RESET=1,0,U33+H33) -> 27 | V33: =R33/(T33+0.00001) -> #N/A | W33: =S33/(U33+0.0001) -> 4.9856903 | X33: =IF(Informed=1,K33,0) -> 0 | Y33: =IF(Informed=0,K33,0) -> 1.7555084 | Z33: =IF(Informed=1,N33,0) -> 0 | AA33: =IF(Informed=0,N33,0) -> 0 | AB33: =IF(Arterial=0,IF(Informed=1,1,0),0) -> 0 | AC33: =IF(Arterial=0,IF(Informed=0,1,0),0) -> 1 | AD33: =IF(Arterial=1,IF(Informed=1,1,0),0) -> 0 | AE33: =IF(Arterial=1,IF(Informed=0,1,0),0) -> 0 | AF33: =IF(AB33=1,(X33-G$1030)^2,0) -> 0 | AG33: =IF(AC33=1,(Y33-H$1030)^2,0) -> 3.0818097 | AH33: =IF(AD33=1,(Z33-I$1030)^2,0) -> 0 | AI33: =IF(AE33=1,(AA33-J$1030)^2,0) -> 0
A34: 17 | B34: =IF(RAND()<$D$8,1,0) -> 0 | C34: =-LN(RAND())/$D$2 -> 0.086327727 | D34: =D33+C34 -> 16.526957 | E34: =MAX($D$3,(1+P33-VLOOKUP(VALUE(D34),$J$18:$Q33,7,TRUE()))*$D$3) -> 4 | F34: =MAX($D$4,(1+Q33-VLOOKUP(VALUE(D34),$M$18:$Q33,5,TRUE()))*$D$4) -> 12 | G34: 0.5 | H34: =IF((B34=1),(IF((F34<E34),1,(IF((F34=E34),(IF(RAND()<G34,1,0)),0)))),(IF((RAND()<G34),1,0))) -> 0 | I34: =IF((H34=1),0,$D$3+$D$5*(RAND()-0.5)) -> 1.8389053 | J34: =I34+MAX(D34,J33) -> 20.035043 | K34: =IF((H34=0),J34-D34,0) -> 3.508086 | L34: =IF(($H34=0),0,$D$4+$D$5*(RAND()-0.5)) -> 0 | M34: =L34+MAX(D34,M33) -> 25.38938 | N34: =IF((H34=1),M34-D34,0) -> 0 | O34: 17 | P34: =IF((Arterial=0),P33+1,P33) -> 7 | Q34: =IF((Arterial=1),Q33+1,Q33) -> 10 | R34: =IF((RESET=1),0,R34+K34) -> #N/A | S34: =IF(RESET=1,0,S34+N34) -> 176.03739 | T34: =IF(RESET=1,0,T34+IF(H34=0,1,0)) -> #N/A | U34: =IF(RESET=1,0,U34+H34) -> 35 | V34: =R34/(T34+0.00001) -> #N/A | W34: =S34/(U34+0.0001) -> 5.0296253 | X34: =IF(Informed=1,K34,0) -> 0 | Y34: =IF(Informed=0,K34,0) -> 3.508086 | Z34: =IF(Informed=1,N34,0) -> 0 | AA34: =IF(Informed=0,N34,0) -> 0 | AB34: =IF(Arterial=0,IF(Informed=1,1,0),0) -> 0 | AC34: =IF(Arterial=0,IF(Informed=0,1,0),0) -> 1 | AD34: =IF(Arterial=1,IF(Informed=1,1,0),0) -> 0 | AE34: =IF(Arterial=1,IF(Informed=0,1,0),0) -> 0 | AF34: =IF(AB34=1,(X34-G$1030)^2,0) -> 0 | AG34: =IF(AC34=1,(Y34-H$1030)^2,0) -> 12.306667 | AH34: =IF(AD34=1,(Z34-I$1030)^2,0) -> 0 | AI34: =IF(AE34=1,(AA34-J$1030)^2,0) -> 0
A35: 18 | B35: =IF(RAND()<$D$8,1,0) -> 1 | C35: =-LN(RAND())/$D$2 -> 0.23990783 | D35: =D34+C35 -> 16.766865 | E35: =MAX($D$3,(1+P34-VLOOKUP(VALUE(D35),$J$18:$Q34,7,TRUE()))*$D$3) -> 6 | F35: =MAX($D$4,(1+Q34-VLOOKUP(VALUE(D35),$M$18:$Q34,5,TRUE()))*$D$4) -> 12 | G35: 0.5 | H35: =IF((B35=1),(IF((F35<E35),1,(IF((F35=E35),(IF(RAND()<G35,1,0)),0)))),(IF((RAND()<G35),1,0))) -> 0 | I35: =IF((H35=1),0,$D$3+$D$5*(RAND()-0.5)) -> 2.1764631 | J35: =I35+MAX(D35,J34) -> 22.211506 | K35: =IF((H35=0),J35-D35,0) -> 5.4446413 | L35: =IF(($H35=0),0,$D$4+$D$5*(RAND()-0.5)) -> 0 | M35: =L35+MAX(D35,M34) -> 25.38938 | N35: =IF((H35=1),M35-D35,0) -> 0 | O35: 18 | P35: =IF((Arterial=0),P34+1,P34) -> 8 | Q35: =IF((Arterial=1),Q34+1,Q34) -> 10 | R35: =IF((RESET=1),0,R35+K35) -> #N/A | S35: =IF(RESET=1,0,S35+N35) -> 143.42584 | T35: =IF(RESET=1,0,T35+IF(H35=0,1,0)) -> #N/A | U35: =IF(RESET=1,0,U35+H35) -> 26 | V35: =R35/(T35+0.00001) -> #N/A | W35: =S35/(U35+0.0001) -> 5.5163571 | X35: =IF(Informed=1,K35,0) -> 5.4446413 | Y35: =IF(Informed=0,K35,0) -> 0 | Z35: =IF(Informed=1,N35,0) -> 0 | AA35: =IF(Informed=0,N35,0) -> 0 | AB35: =IF(Arterial=0,IF(Informed=1,1,0),0) -> 1 | AC35: =IF(Arterial=0,IF(Informed=0,1,0),0) -> 0 | AD35: =IF(Arterial=1,IF(Informed=1,1,0),0) -> 0 | AE35: =IF(Arterial=1,IF(Informed=0,1,0),0) -> 0 | AF35: =IF(AB35=1,(X35-G$1030)^2,0) -> 29.644119 | AG35: =IF(AC35=1,(Y35-H$1030)^2,0) -> 0 | AH35: =IF(AD35=1,(Z35-I$1030)^2,0) -> 0 | AI35: =IF(AE35=1,(AA35-J$1030)^2,0) -> 0
A36: 19 | B36: =IF(RAND()<$D$8,1,0) -> 0 | C36: =-LN(RAND())/$D$2 -> 1.323629 | D36: =D35+C36 -> 18.090494 | E36: =MAX($D$3,(1+P35-VLOOKUP(VALUE(D36),$J$18:$Q35,7,TRUE()))*$D$3) -> 8 | F36: =MAX($D$4,(1+Q35-VLOOKUP(VALUE(D36),$M$18:$Q35,5,TRUE()))*$D$4) -> 10 | G36: 0.5 | H36: =IF((B36=1),(IF((F36<E36),1,(IF((F36=E36),(IF(RAND()<G36,1,0)),0)))),(IF((RAND()<G36),1,0))) -> 1 | I36: =IF((H36=1),0,$D$3+$D$5*(RAND()-0.5)) -> 0 | J36: =I36+MAX(D36,J35) -> 22.211506 | K36: =IF((H36=0),J36-D36,0) -> 0 | L36: =IF(($H36=0),0,$D$4+$D$5*(RAND()-0.5)) -> 2.0342342 | M36: =L36+MAX(D36,M35) -> 27.423615 | N36: =IF((H36=1),M36-D36,0) -> 9.3331205 | O36: 19 | P36: =IF((Arterial=0),P35+1,P35) -> 8 | Q36: =IF((Arterial=1),Q35+1,Q35) -> 11 | R36: =IF((RESET=1),0,R36+K36) -> 194.88959 | S36: =IF(RESET=1,0,S36+N36) -> #N/A | T36: =IF(RESET=1,0,T36+IF(H36=0,1,0)) -> 33 | U36: =IF(RESET=1,0,U36+H36) -> #N/A | V36: =R36/(T36+0.00001) -> 5.9057433 | W36: =S36/(U36+0.0001) -> #N/A | X36: =IF(Informed=1,K36,0) -> 0 | Y36: =IF(Informed=0,K36,0) -> 0 | Z36: =IF(Informed=1,N36,0) -> 0 | AA36: =IF(Informed=0,N36,0) -> 9.3331205 | AB36: =IF(Arterial=0,IF(Informed=1,1,0),0) -> 0 | AC36: =IF(Arterial=0,IF(Informed=0,1,0),0) -> 0 | AD36: =IF(Arterial=1,IF(Informed=1,1,0),0) -> 0 | AE36: =IF(Arterial=1,IF(Informed=0,1,0),0) -> 1 | AF36: =IF(AB36=1,(X36-G$1030)^2,0) -> 0 | AG36: =IF(AC36=1,(Y36-H$1030)^2,0) -> 0 | AH36: =IF(AD36=1,(Z36-I$1030)^2,0) -> 0 | AI36: =IF(AE36=1,(AA36-J$1030)^2,0) -> 87.107137
A37: 20 | B37: =IF(RAND()<$D$8,1,0) -> 1 | C37: =-LN(RAND())/$D$2 -> 1.4104326 | D37: =D36+C37 -> 19.500927 | E37: =MAX($D$3,(1+P36-VLOOKUP(VALUE(D37),$J$18:$Q36,7,TRUE()))*$D$3) -> 6 | F37: =MAX($D$4,(1+Q36-VLOOKUP(VALUE(D37),$M$18:$Q36,5,TRUE()))*$D$4) -> 12 | G37: 0.5 | H37: =IF((B37=1),(IF((F37<E37),1,(IF((F37=E37),(IF(RAND()<G37,1,0)),0)))),(IF((RAND()<G37),1,0))) -> 0 | I37: =IF((H37=1),0,$D$3+$D$5*(RAND()-0.5)) -> 1.7603649 | J37: =I37+MAX(D37,J36) -> 23.971871 | K37: =IF((H37=0),J37-D37,0) -> 4.4709447 | L37: =IF(($H37=0),0,$D$4+$D$5*(RAND()-0.5)) -> 0 | M37: =L37+MAX(D37,M36) -> 27.423615 | N37: =IF((H37=1),M37-D37,0) -> 0 | O37: 20 | P37: =IF((Arterial=0),P36+1,P36) -> 9 | Q37: =IF((Arterial=1),Q36+1,Q36) -> 11 | R37: =IF((RESET=1),0,R37+K37) -> #N/A | S37: =IF(RESET=1,0,S37+N37) -> 193.66081 | T37: =IF(RESET=1,0,T37+IF(H37=0,1,0)) -> #N/A | U37: =IF(RESET=1,0,U37+H37) -> 35 | V37: =R37/(T37+0.00001) -> #N/A | W37: =S37/(U37+0.0001) -> 5.5331502 | X37: =IF(Informed=1,K37,0) -> 4.4709447 | Y37: =IF(Informed=0,K37,0) -> 0 | Z37: =IF(Informed=1,N37,0) -> 0 | AA37: =IF(Informed=0,N37,0) -> 0 | AB37: =IF(Arterial=0,IF(Informed=1,1,0),0) -> 1 | AC37: =IF(Arterial=0,IF(Informed=0,1,0),0) -> 0 | AD37: =IF(Arterial=1,IF(Informed=1,1,0),0) -> 0 | AE37: =IF(Arterial=1,IF(Informed=0,1,0),0) -> 0 | AF37: =IF(AB37=1,(X37-G$1030)^2,0) -> 19.989346 | AG37: =IF(AC37=1,(Y37-H$1030)^2,0) -> 0 | AH37: =IF(AD37=1,(Z37-I$1030)^2,0) -> 0 | AI37: =IF(AE37=1,(AA37-J$1030)^2,0) -> 0
A38: 21 | B38: =IF(RAND()<$D$8,1,0) -> 1 | C38: =-LN(RAND())/$D$2 -> 0.39736543 | D38: =D37+C38 -> 19.898292 | E38: =MAX($D$3,(1+P37-VLOOKUP(VALUE(D38),$J$18:$Q37,7,TRUE()))*$D$3) -> 8 | F38: =MAX($D$4,(1+Q37-VLOOKUP(VALUE(D38),$M$18:$Q37,5,TRUE()))*$D$4) -> 10 | G38: 0.5 | H38: =IF((B38=1),(IF((F38<E38),1,(IF((F38=E38),(IF(RAND()<G38,1,0)),0)))),(IF((RAND()<G38),1,0))) -> 0 | I38: =IF((H38=1),0,$D$3+$D$5*(RAND()-0.5)) -> 2.1158622 | J38: =I38+MAX(D38,J37) -> 26.087734 | K38: =IF((H38=0),J38-D38,0) -> 6.1894414 | L38: =IF(($H38=0),0,$D$4+$D$5*(RAND()-0.5)) -> 0 | M38: =L38+MAX(D38,M37) -> 27.423615 | N38: =IF((H38=1),M38-D38,0) -> 0 | O38: 21 | P38: =IF((Arterial=0),P37+1,P37) -> 10 | Q38: =IF((Arterial=1),Q37+1,Q37) -> 11 | R38: =IF((RESET=1),0,R38+K38) -> #N/A | S38: =IF(RESET=1,0,S38+N38) -> 149.50499 | T38: =IF(RESET=1,0,T38+IF(H38=0,1,0)) -> #N/A | U38: =IF(RESET=1,0,U38+H38) -> 25 | V38: =R38/(T38+0.00001) -> #N/A | W38: =S38/(U38+0.0001) -> 5.9801758 | X38: =IF(Informed=1,K38,0) -> 6.1894414 | Y38: =IF(Informed=0,K38,0) -> 0 | Z38: =IF(Informed=1,N38,0) -> 0 | AA38: =IF(Informed=0,N38,0) -> 0 | AB38: =IF(Arterial=0,IF(Informed=1,1,0),0) -> 1 | AC38: =IF(Arterial=0,IF(Informed=0,1,0),0) -> 0 | AD38: =IF(Arterial=1,IF(Informed=1,1,0),0) -> 0 | AE38: =IF(Arterial=1,IF(Informed=0,1,0),0) -> 0 | AF38: =IF(AB38=1,(X38-G$1030)^2,0) -> 38.309185 | AG38: =IF(AC38=1,(Y38-H$1030)^2,0) -> 0 | AH38: =IF(AD38=1,(Z38-I$1030)^2,0) -> 0 | AI38: =IF(AE38=1,(AA38-J$1030)^2,0) -> 0
A39: 22 | B39: =IF(RAND()<$D$8,1,0) -> 0 | C39: =-LN(RAND())/$D$2 -> 2.1900553 | D39: =D38+C39 -> 22.088347 | E39: =MAX($D$3,(1+P38-VLOOKUP(VALUE(D39),$J$18:$Q38,7,TRUE()))*$D$3) -> 8 | F39: =MAX($D$4,(1+Q38-VLOOKUP(VALUE(D39),$M$18:$Q38,5,TRUE()))*$D$4) -> 8 | G39: 0.5 | H39: =IF((B39=1),(IF((F39<E39),1,(IF((F39=E39),(IF(RAND()<G39,1,0)),0)))),(IF((RAND()<G39),1,0))) -> 1 | I39: =IF((H39=1),0,$D$3+$D$5*(RAND()-0.5)) -> 0 | J39: =I39+MAX(D39,J38) -> 26.087734 | K39: =IF((H39=0),J39-D39,0) -> 0 | L39: =IF(($H39=0),0,$D$4+$D$5*(RAND()-0.5)) -> 1.8829029 | M39: =L39+MAX(D39,M38) -> 29.306517 | N39: =IF((H39=1),M39-D39,0) -> 7.21817 | O39: 22 | P39: =IF((Arterial=0),P38+1,P38) -> 10 | Q39: =IF((Arterial=1),Q38+1,Q38) -> 12 | R39: =IF((RESET=1),0,R39+K39) -> 137.19602 | S39: =IF(RESET=1,0,S39+N39) -> #N/A | T39: =IF(RESET=1,0,T39+IF(H39=0,1,0)) -> 25 | U39: =IF(RESET=1,0,U39+H39) -> #N/A | V39: =R39/(T39+0.00001) -> 5.4878385 | W39: =S39/(U39+0.0001) -> #N/A | X39: =IF(Informed=1,K39,0) -> 0 | Y39: =IF(Informed=0,K39,0) -> 0 | Z39: =IF(Informed=1,N39,0) -> 0 | AA39: =IF(Informed=0,N39,0) -> 7.21817 | AB39: =IF(Arterial=0,IF(Informed=1,1,0),0) -> 0 | AC39: =IF(Arterial=0,IF(Informed=0,1,0),0) -> 0 | AD39: =IF(Arterial=1,IF(Informed=1,1,0),0) -> 0 | AE39: =IF(Arterial=1,IF(Informed=0,1,0),0) -> 1 | AF39: =IF(AB39=1,(X39-G$1030)^2,0) -> 0 | AG39: =IF(AC39=1,(Y39-H$1030)^2,0) -> 0 | AH39: =IF(AD39=1,(Z39-I$1030)^2,0) -> 0 | AI39: =IF(AE39=1,(AA39-J$1030)^2,0) -> 52.101978
... A532: 515 | B532: =IF(RAND()<$D$8,1,0) -> 0 | C532: =-LN(RAND())/$D$2 -> 0.32382988 | D532: =D531+C532 -> 504.36069 | E532: =MAX($D$3,(1+P531-VLOOKUP(VALUE(D532),$J$18:$Q531,7,TRUE()))*$D$3) -> 18 | F532: =MAX($D$4,(1+Q531-VLOOKUP(VALUE(D532),$M$18:$Q531,5,TRUE()))*$D$4) -> 20 | G532: 0.5 | H532: =IF((B532=1),(IF((F532<E532),1,(IF((F532=E532),(IF(RAND()<G532,1,0)),0)))),(IF((RAND()<G532),1,0))) -> 0 | I532: =IF((H532=1),0,$D$3+$D$5*(RAND()-0.5)) -> 1.8727064 | J532: =I532+MAX(D532,J531) -> 520.58105 | K532: =IF((H532=0),J532-D532,0) -> 16.220366 | L532: =IF(($H532=0),0,$D$4+$D$5*(RAND()-0.5)) -> 0 | M532: =L532+MAX(D532,M531) -> 521.28899 | N532: =IF((H532=1),M532-D532,0) -> 0 | O532: 515 | P532: =IF((Arterial=0),P531+1,P531) -> 257 | Q532: =IF((Arterial=1),Q531+1,Q531) -> 258 | R532: =IF((RESET=1),0,R532+K532) -> #N/A | S532: =IF(RESET=1,0,S532+N532) -> 593.20882 | T532: =IF(RESET=1,0,T532+IF(H532=0,1,0)) -> #N/A | U532: =IF(RESET=1,0,U532+H532) -> 21 | V532: =R532/(T532+0.00001) -> #N/A | W532: =S532/(U532+0.0001) -> 28.247905 | X532: =IF(Informed=1,K532,0) -> 0 | Y532: =IF(Informed=0,K532,0) -> 16.220366 | Z532: =IF(Informed=1,N532,0) -> 0 | AA532: =IF(Informed=0,N532,0) -> 0 | AB532: =IF(Arterial=0,IF(Informed=1,1,0),0) -> 0 | AC532: =IF(Arterial=0,IF(Informed=0,1,0),0) -> 1 | AD532: =IF(Arterial=1,IF(Informed=1,1,0),0) -> 0 | AE532: =IF(Arterial=1,IF(Informed=0,1,0),0) -> 0 | AF532: =IF(AB532=1,(X532-G$1030)^2,0) -> 0 | AG532: =IF(AC532=1,(Y532-H$1030)^2,0) -> 263.10027 | AH532: =IF(AD532=1,(Z532-I$1030)^2,0) -> 0 | AI532: =IF(AE532=1,(AA532-J$1030)^2,0) -> 0
A533: 516
